Zini,MH,logAge,Mini,int_IMF,Mass,logL,logTe,logg,label,McoreTP,C_O,period0,period1,period2,period3,period4,pmode,Mloss,tau1m,X,Y,Xc,Xn,Xo,Cexcess,Z,mbolmag,Gmag,G_BPmag,G_RPmag
0.0152,0.01508,7,0.0900000036,1.0816895962,0.09,-2.068,3.3976,4.003,0,0,0.545,0,0,0,0,0,-1,-3.61E-15,0,0.7092,0.2755,0.002746,0.0007408,0.006719,-1,0.01527,9.941,11.959,14.514,10.508
0.0152,0.01508,7,0.1000000015,1.1711064577,0.1,-2.005,3.4044,4.013,0,0,0.545,0,0,0,0,0,-1,-3.92E-15,0,0.7092,0.2755,0.002746,0.0007408,0.006719,-1,0.01527,9.783,11.802,14.36,10.351
0.0152,0.01508,7,0.100236468,1.1730786562,0.1,-2.004,3.4045,4.013,0,0,0.545,0,0,0,0,0,-1,-3.92E-15,0,0.7092,0.2755,0.002746,0.0007408,0.006719,-1,0.01527,9.78,11.798,14.357,10.347
0.0152,0.01508,7,0.1232357547,1.3402748108,0.123,-1.877,3.4178,4.029,0,0,0.545,0,0,0,0,0,-1,-4.66E-15,0,0.7092,0.2755,0.002746,0.0007408,0.006719,-1,0.01527,9.462,11.461,14,10.014
0.0152,0.01508,7,0.1365283877,1.4194198847,0.136,-1.812,3.4246,4.035,0,0,0.545,0,0,0,0,0,-1,-5.09E-15,0,0.7092,0.2755,0.002746,0.0007408,0.006719,-1,0.01527,9.299,11.217,13.666,9.788
0.0152,0.01508,7,0.1425663382,1.4521323442,0.142,-1.785,3.4276,4.039,0,0,0.545,0,0,0,0,0,-1,-5.25E-15,0,0.7092,0.2755,0.002746,0.0007408,0.006719,-1,0.01527,9.233,11.109,13.511,9.69
0.0152,0.01508,7,0.1464712024,1.4723440409,0.146,-1.768,3.4296,4.042,0,0,0.545,0,0,0,0,0,-1,-5.38E-15,0,0.7092,0.2755,0.002746,0.0007408,0.006719,-1,0.01527,9.189,11.036,13.405,9.624
0.0152,0.01508,7,0.1487216353,1.4836769104,0.149,-1.757,3.4308,4.042,0,0,0.545,0,0,0,0,0,-1,-5.48E-15,0,0.7092,0.2755,0.002746,0.0007408,0.006719,-1,0.01527,9.162,10.994,13.345,9.584
0.0152,0.01508,7,0.1678345799,1.5717271566,0.168,-1.679,3.4396,4.052,0,0,0.545,0,0,0,0,0,-1,-6.12E-15,0,0.7092,0.2755,0.002746,0.0007408,0.006719,-1,0.01527,8.967,10.688,12.923,9.303
0.0152,0.01508,7,0.1812116802,1.6259436607,0.181,-1.628,3.4456,4.059,0,0,0.545,0,0,0,0,0,-1,-6.58E-15,0,0.7092,0.2755,0.002746,0.0007408,0.006719,-1,0.01527,8.84,10.487,12.643,9.12
0.0152,0.01508,7,0.1957342625,1.6792036295,0.196,-1.578,3.4515,4.065,0,0,0.545,0,0,0,0,0,-1,-7.05E-15,0,0.7092,0.2755,0.002746,0.0007408,0.006719,-1,0.01527,8.714,10.29,12.37,8.94
0.0152,0.01508,7,0.2082454115,1.7211250067,0.208,-1.539,3.4558,4.071,0,0,0.545,0,0,0,0,0,-1,-7.42E-15,0,0.7092,0.2755,0.002746,0.0007408,0.006719,-1,0.01527,8.618,10.143,12.166,8.806
0.0152,0.01508,7,0.226691559,1.7772996426,0.227,-1.484,3.4621,4.078,0,0,0.545,0,0,0,0,0,-1,-8.01E-15,0,0.7092,0.2755,0.002746,0.0007408,0.006719,-1,0.01527,8.48,9.935,11.88,8.616
0.0152,0.01508,7,0.246812433,1.8321672678,0.247,-1.429,3.4685,4.085,0,0,0.545,0,0,0,0,0,-1,-8.64E-15,0,0.7092,0.2755,0.002746,0.0007408,0.006719,-1,0.01527,8.342,9.734,11.609,8.432
0.0152,0.01508,7,0.2666983604,1.8809599876,0.267,-1.38,3.4743,4.093,0,0,0.545,0,0,0,0,0,-1,-9.24E-15,0,0.7092,0.2755,0.002746,0.0007408,0.006719,-1,0.01527,8.219,9.555,11.369,8.269
0.0152,0.01508,7,0.2957236171,1.9442697763,0.296,-1.313,3.4823,4.102,0,0,0.545,0,0,0,0,0,-1,-1.01E-14,0,0.7092,0.2755,0.002746,0.0007408,0.006719,-1,0.01527,8.051,9.311,11.041,8.048
0.0152,0.01508,7,0.3000000119,1.9529139996,0.3,-1.303,3.4834,4.104,0,0,0.545,0,0,0,0,0,-1,-1.02E-14,0,0.7092,0.2755,0.002746,0.0007408,0.006719,-1,0.01527,8.028,9.277,10.995,8.017
0.0152,0.01508,7,0.3167742789,1.9853359461,0.317,-1.269,3.4876,4.11,0,0,0.545,0,0,0,0,0,-1,-1.07E-14,0,0.7092,0.2755,0.002746,0.0007408,0.006719,-1,0.01527,7.943,9.153,10.826,7.906
0.0152,0.01508,7,0.3500000238,2.0434176922,0.35,-1.205,3.4955,4.121,0,0,0.545,0,0,0,0,0,-1,-1.16E-14,0,0.7092,0.2755,0.002746,0.0007408,0.006719,-1,0.01527,7.784,8.928,10.529,7.702
0.0152,0.01508,7,0.3562019467,2.0534667969,0.356,-1.195,3.4968,4.124,0,0,0.545,0,0,0,0,0,-1,-1.18E-14,0,0.7092,0.2755,0.002746,0.0007408,0.006719,-1,0.01527,7.758,8.892,10.483,7.669
0.0152,0.01508,7,0.4000000358,2.1185026169,0.4,-1.122,3.5055,4.136,0,0,0.545,0,0,0,0,0,-1,-1.3E-14,0,0.7092,0.2755,0.002746,0.0007408,0.006719,-1,0.01527,7.576,8.644,10.165,7.444
0.0152,0.01508,7,0.4148771763,2.1385183334,0.415,-1.1,3.5084,4.141,0,0,0.545,0,0,0,0,0,-1,-1.33E-14,0,0.7092,0.2755,0.002746,0.0007408,0.006719,-1,0.01527,7.519,8.566,10.063,7.373
0.0152,0.01508,7,0.4500000477,2.1822810173,0.45,-1.047,3.5152,4.151,0,0,0.545,0,0,0,0,0,-1,-1.43E-14,0,0.7092,0.2755,0.002746,0.0007408,0.006719,-1,0.01527,7.387,8.386,9.831,7.211
0.0152,0.01508,7,0.4722760916,2.2077989578,0.472,-1.018,3.5193,4.159,0,0,0.545,0,0,0,0,0,-1,-1.48E-14,0,0.7092,0.2755,0.002746,0.0007408,0.006719,-1,0.01527,7.315,8.284,9.697,7.12
0.0152,0.01508,7,0.5,2.2374541759,0.5,-0.981,3.5243,4.167,0,0,0.545,0,0,0,0,0,-1,-1.55E-14,0,0.7092,0.2755,0.002746,0.0007408,0.006719,-1,0.01527,7.223,8.156,9.531,7.005
0.0152,0.01508,7,0.5152277946,2.2526199818,0.515,-0.962,3.5274,4.174,0,0,0.545,0,0,0,0,0,-1,-1.58E-14,0,0.7092,0.2755,0.002746,0.0007408,0.006719,-1,0.01527,7.175,8.086,9.438,6.944
0.0152,0.01508,7,0.5455189347,2.279913187,0.545,-0.926,3.5324,4.182,0,0,0.545,0,0,0,0,0,-1,-1.66E-14,0,0.7092,0.2755,0.002746,0.0007408,0.006719,-1,0.01527,7.084,7.961,9.276,6.833
0.0152,0.01508,7,0.5500000119,2.2836582661,0.55,-0.921,3.533,4.183,0,0,0.545,0,0,0,0,0,-1,-1.67E-14,0,0.7092,0.2755,0.002746,0.0007408,0.006719,-1,0.01527,7.071,7.945,9.255,6.818
0.0152,0.01508,7,0.5591805577,2.2911159992,0.559,-0.91,3.5349,4.187,0,0,0.545,0,0,0,0,0,-1,-1.69E-14,0,0.7092,0.2755,0.002746,0.0007408,0.006719,-1,0.01527,7.044,7.904,9.2,6.783
0.0152,0.01508,7,0.5896968842,2.3139977455,0.589,-0.875,3.5403,4.196,0,0,0.545,0,0,0,0,0,-1,-1.76E-14,0,0.7092,0.2755,0.002746,0.0007408,0.006719,-1,0.01527,6.957,7.781,9.039,6.675
0.0152,0.01508,7,0.6000000238,2.3211214542,0.6,-0.863,3.5418,4.198,0,0,0.545,0,0,0,0,0,-1,-1.79E-14,0,0.7092,0.2755,0.002746,0.0007408,0.006719,-1,0.01527,6.929,7.743,8.99,6.641
0.0152,0.01508,7,0.6240718961,2.3367156982,0.624,-0.834,3.547,4.207,0,0,0.545,0,0,0,0,0,-1,-1.86E-14,0,0.7092,0.2755,0.002746,0.0007408,0.006719,-1,0.01527,6.855,7.635,8.845,6.548
0.0152,0.01508,7,0.6499999762,2.3520355225,0.65,-0.805,3.5517,4.215,0,0,0.545,0,0,0,0,0,-1,-1.93E-14,0,0.7092,0.2755,0.002746,0.0007408,0.006719,-1,0.01527,6.783,7.531,8.709,6.459
0.0152,0.01508,7,0.6701167226,2.3629870415,0.67,-0.78,3.5563,4.221,0,0,0.545,0,0,0,0,0,-1,-2E-14,0,0.7092,0.2755,0.002746,0.0007408,0.006719,-1,0.01527,6.72,7.437,8.583,6.379
0.0152,0.01508,7,0.7000000477,2.3779268265,0.7,-0.743,3.5627,4.229,0,0,0.545,0,0,0,0,0,-1,-2.11E-14,0,0.7092,0.2755,0.002746,0.0007408,0.006719,-1,0.01527,6.627,7.302,8.404,6.263
0.0152,0.01508,7,0.75,2.3998889923,0.75,-0.584,3.6178,4.32,0,0,0.538,0,0,0,0,0,-1,-2.65E-14,0,0.7092,0.2755,0.00271,0.0007399,0.00672,-1,0.01527,6.229,6.567,7.358,5.697
0.0152,0.01508,7,0.7728378773,2.4088401794,0.773,-0.562,3.6205,4.322,0,0,0.538,0,0,0,0,0,-1,-2.73E-14,0,0.7092,0.2755,0.00271,0.0007399,0.00672,-1,0.01527,6.176,6.499,7.278,5.637
0.0152,0.01508,7,0.8000000119,2.4187245369,0.8,-0.533,3.6236,4.321,0,0,0.538,0,0,0,0,0,-1,-2.88E-14,0,0.7092,0.2755,0.00271,0.0007399,0.00672,-1,0.01527,6.103,6.409,7.173,5.557
0.0152,0.01508,7,0.8310703039,2.4291250706,0.831,-0.502,3.6278,4.323,0,0,0.538,0,0,0,0,0,-1,-3.03E-14,0,0.7092,0.2755,0.00271,0.0007399,0.00672,-1,0.01527,6.025,6.309,7.053,5.469
0.0152,0.01508,7,0.8500000238,2.4350347519,0.85,-0.481,3.6303,4.321,0,0,0.538,0,0,0,0,0,-1,-3.15E-14,0,0.7092,0.2755,0.00271,0.0007399,0.00672,-1,0.01527,5.971,6.241,6.973,5.409
0.0152,0.01508,7,0.8948817849,2.4479045868,0.894,-0.428,3.6373,4.318,0,0,0.538,0,0,0,0,0,-1,-3.48E-14,0,0.7092,0.2755,0.00271,0.0007399,0.00672,-1,0.01527,5.84,6.073,6.773,5.263
0.0152,0.01508,7,0.9000000358,2.4492788315,0.899,-0.422,3.6381,4.318,0,0,0.538,0,0,0,0,0,-1,-3.52E-14,0,0.7092,0.2755,0.00271,0.0007399,0.00672,-1,0.01527,5.824,6.053,6.749,5.246
0.0152,0.01508,7,0.932464242,2.4575924873,0.932,-0.384,3.6432,4.317,0,0,0.538,0,0,0,0,0,-1,-3.77E-14,0,0.7092,0.2755,0.00271,0.0007399,0.00672,-1,0.01527,5.731,5.934,6.607,5.142
0.0152,0.01508,7,0.9500000477,2.4618122578,0.95,-0.362,3.6463,4.315,0,0,0.538,0,0,0,0,0,-1,-3.94E-14,0,0.7092,0.2755,0.00271,0.0007399,0.00672,-1,0.01527,5.675,5.862,6.523,5.079
0.0152,0.01508,7,0.9938926101,2.4716281891,0.994,-0.309,3.654,4.312,0,0,0.538,0,0,0,0,0,-1,-4.37E-14,0,0.7092,0.2755,0.00271,0.0007399,0.00672,-1,0.01527,5.543,5.692,6.321,4.931
0.0152,0.01508,7,1,2.4729156494,1,-0.301,3.6551,4.312,0,0,0.538,0,0,0,0,0,-1,-4.44E-14,0,0.7092,0.2755,0.00271,0.0007399,0.00672,-1,0.01527,5.523,5.667,6.29,4.909
0.0152,0.01508,7,1.0499999523,2.4828116894,1.05,-0.24,3.6646,4.309,0,0,0.538,0,0,0,0,0,-1,-4.62E-14,0,0.7092,0.2755,0.00271,0.0007399,0.00672,-1,0.01527,5.37,5.471,6.059,4.74
0.0152,0.01508,7,1.0668245554,2.4859025478,1.066,-0.218,3.6681,4.308,0,0,0.538,0,0,0,0,0,-1,-4.69E-14,0,0.7092,0.2755,0.00271,0.0007399,0.00672,-1,0.01527,5.314,5.402,5.978,4.68
0.0152,0.01508,7,1.0993057489,2.4915635586,1.099,-0.167,3.6758,4.301,0,0,0.538,0,0,0,0,0,-1,-4.96E-14,0,0.7092,0.2755,0.00271,0.0007399,0.00672,-1,0.01527,5.188,5.246,5.795,4.545
0.0152,0.01508,7,1.1000000238,2.4916803837,1.099,-0.166,3.676,4.301,0,0,0.538,0,0,0,0,0,-1,-4.96E-14,0,0.7092,0.2755,0.00271,0.0007399,0.00672,-1,0.01527,5.185,5.243,5.791,4.542
0.0152,0.01508,7,1.1499999762,2.4996678829,1.149,-0.092,3.6876,4.293,0,0,0.538,0,0,0,0,0,-1,-5.33E-14,0,0.7092,0.2755,0.00271,0.0007399,0.00672,-1,0.01527,4.999,5.017,5.53,4.347
0.0152,0.01508,7,1.2000000477,2.5068950653,1.2,-0.012,3.7,4.28,0,0,0.538,0,0,0,0,0,-1,-5.77E-14,0,0.7092,0.2755,0.00271,0.0007399,0.00672,-1,0.01527,4.799,4.781,5.257,4.141
0.0152,0.01508,7,1.2176482677,2.5092835426,1.217,0.017,3.7043,4.275,0,0,0.538,0,0,0,0,0,-1,-5.92E-14,0,0.7092,0.2755,0.00271,0.0007399,0.00672,-1,0.01527,4.727,4.699,5.164,4.069
0.0152,0.01508,7,1.25,2.513461113,1.25,0.074,3.7128,4.264,0,0,0.538,0,0,0,0,0,-1,-6.31E-14,0,0.7092,0.2755,0.00271,0.0007399,0.00672,-1,0.01527,4.584,4.535,4.979,3.925
0.0152,0.01508,7,1.2781765461,2.5169022083,1.278,0.126,3.7202,4.251,0,0,0.538,0,0,0,0,0,-1,-6.67E-14,0,0.7092,0.2755,0.00271,0.0007399,0.00672,-1,0.01527,4.454,4.389,4.815,3.796
0.0152,0.01508,7,1.2999999523,2.5194499493,1.3,0.169,3.7262,4.24,0,0,0.538,0,0,0,0,0,-1,-7.02E-14,0,0.7092,0.2755,0.00271,0.0007399,0.00672,-1,0.01527,4.348,4.272,4.684,3.691
0.0152,0.01508,7,1.3310087919,2.5229053497,1.331,0.233,3.7347,4.22,0,0,0.538,0,0,0,0,0,-1,-7.57E-14,0,0.7092,0.2755,0.00271,0.0007399,0.00672,-1,0.01527,4.187,4.097,4.489,3.535
0.0152,0.01508,7,1.3500001431,2.5249314308,1.35,0.275,3.7402,4.206,0,0,0.538,0,0,0,0,0,-1,-8.01E-14,0,0.7092,0.2755,0.00271,0.0007399,0.00672,-1,0.01527,4.082,3.983,4.363,3.433
0.0152,0.01508,7,1.3763793707,2.5276396275,1.377,0.338,3.7479,4.182,0,0,0.538,0,0,0,0,0,-1,-8.68E-14,0,0.7092,0.2755,0.00271,0.0007399,0.00672,-1,0.01527,3.924,3.817,4.179,3.285
0.0152,0.01508,7,1.4000000954,2.5299651623,1.4,0.4,3.755,4.157,0,0,0.538,0,0,0,0,0,-1,-9.48E-14,0,0.7092,0.2755,0.002709,0.0007399,0.00672,-1,0.01527,3.771,3.657,4.003,3.141
0.0152,0.01508,7,1.4118107557,2.5310945511,1.412,0.432,3.7587,4.143,0,0,0.538,0,0,0,0,0,-1,-9.89E-14,0,0.7092,0.2755,0.002709,0.0007399,0.00672,-1,0.01527,3.691,3.573,3.911,3.066
0.0152,0.01508,7,1.4361298084,2.5333526134,1.436,0.503,3.7665,4.11,0,0,0.538,0,0,0,0,0,-1,-1.1E-13,0,0.7092,0.2755,0.002709,0.0007399,0.00672,-1,0.01527,3.511,3.388,3.709,2.9
0.0152,0.01508,7,1.4500000477,2.5346016884,1.45,0.547,3.7712,4.089,0,0,0.538,0,0,0,0,0,-1,-1.18E-13,0,0.7092,0.2755,0.002709,0.0007399,0.00672,-1,0.01527,3.403,3.278,3.588,2.801
0.0152,0.01508,7,1.455057025,2.5350503922,1.455,0.563,3.7729,4.082,0,0,0.538,0,0,0,0,0,-1,-1.2E-13,0,0.7092,0.2755,0.002709,0.0007399,0.00672,-1,0.01527,3.363,3.237,3.543,2.764
0.0152,0.01508,7,1.4748200178,2.5367693901,1.475,0.626,3.78,4.053,0,0,0.538,0,0,0,0,0,-1,-1.31E-13,0,0.7092,0.2755,0.002709,0.0007399,0.00672,-1,0.01527,3.205,3.075,3.366,2.62
0.0152,0.01508,7,1.4944761992,2.5384275913,1.495,0.689,3.7873,4.025,0,0,0.538,0,0,0,0,0,-1,-1.42E-13,0,0.7092,0.2755,0.002709,0.0007399,0.00672,-1,0.01527,3.047,2.916,3.192,2.479
0.0152,0.01508,7,1.5,2.5388846397,1.5,0.706,3.7895,4.018,0,0,0.538,0,0,0,0,0,-1,-1.45E-13,0,0.7092,0.2755,0.002709,0.0007399,0.00672,-1,0.01527,3.004,2.873,3.144,2.441
0.0152,0.01508,7,1.5137863159,2.5400083065,1.514,0.75,3.7951,4.001,0,0,0.538,0,0,0,0,0,-1,-1.5E-13,0,0.7092,0.2755,0.002709,0.0007398,0.00672,-1,0.01527,2.896,2.764,3.024,2.346
0.0152,0.01508,7,1.5348736048,2.5416824818,1.535,0.814,3.8043,3.98,0,0,0.538,0,0,0,0,0,-1,-1.57E-13,0,0.7092,0.2755,0.002709,0.0007398,0.00672,-1,0.01527,2.736,2.604,2.845,2.209
0.0152,0.01508,7,1.5499999523,2.5428512096,1.55,0.857,3.8117,3.97,0,0,0.538,0,0,0,0,0,-1,-1.61E-13,0,0.7092,0.2755,0.002709,0.0007398,0.00672,-1,0.01527,2.627,2.496,2.722,2.119
0.0152,0.01508,7,1.5521373749,2.5430142879,1.552,0.863,3.8128,3.969,0,0,0.538,0,0,0,0,0,-1,-1.6E-13,0,0.7092,0.2755,0.002709,0.0007398,0.00672,-1,0.01527,2.612,2.481,2.705,2.107
0.0152,0.01508,7,1.5697859526,2.5443408489,1.57,0.91,3.8228,3.967,0,0,0.538,0,0,0,0,0,-1,-1.54E-13,0,0.7092,0.2755,0.002709,0.0007398,0.00672,-1,0.01527,2.495,2.364,2.571,2.014
0.0152,0.01508,7,1.5853588581,2.5454833508,1.585,0.946,3.8331,3.977,0,0,0.538,0,0,0,0,0,-1,-1.45E-13,0,0.7092,0.2755,0.002709,0.0007398,0.00672,-1,0.01527,2.406,2.276,2.465,1.95
0.0152,0.01508,7,1.6000000238,2.5465342999,1.6,0.973,3.844,3.996,0,0,0.538,0,0,0,0,0,-1,-1.34E-13,0,0.7092,0.2755,0.002709,0.0007398,0.00672,-1,0.01527,2.336,2.21,2.381,1.909
0.0152,0.01508,7,1.6081031561,2.547106266,1.608,0.987,3.8507,4.012,0,0,0.538,0,0,0,0,0,-1,-1.21E-13,0,0.7092,0.2755,0.002709,0.0007398,0.00672,-1,0.01527,2.303,2.178,2.339,1.894
0.0152,0.01508,7,1.6123716831,2.5474050045,1.612,0.993,3.8543,4.021,0,0,0.538,0,0,0,0,0,-1,-1.14E-13,0,0.7092,0.2755,0.002709,0.0007398,0.00672,-1,0.01527,2.287,2.164,2.319,1.889
0.0152,0.01508,7,1.6263760328,2.5483725071,1.626,0.996,3.8628,4.056,0,0,0.538,0,0,0,0,0,-1,-9.1E-14,0,0.7092,0.2755,0.002709,0.0007398,0.006719,-1,0.01527,2.28,2.162,2.304,1.907
0.0152,0.01508,7,1.6488667727,2.5498864651,1.648,0.981,3.872,4.113,0,0,0.538,0,0,0,0,0,-1,-6.03E-14,0,0.7092,0.2755,0.002709,0.0007398,0.006719,-1,0.01527,2.316,2.205,2.334,1.971
0.0152,0.01508,7,1.6500000954,2.5499615669,1.649,0.98,3.8723,4.116,0,0,0.538,0,0,0,0,0,-1,-5.91E-14,0,0.7092,0.2755,0.002709,0.0007398,0.006719,-1,0.01527,2.319,2.209,2.337,1.976
0.0152,0.01508,7,1.6529583931,2.5501568317,1.652,0.977,3.8733,4.124,0,0,0.538,0,0,0,0,0,-1,-5.7E-15,0,0.7092,0.2755,0.002709,0.0007398,0.006719,-1,0.01527,2.327,2.217,2.344,1.986
0.0152,0.01508,7,1.6668877602,2.5510659218,1.666,0.952,3.8741,4.156,0,0,0.538,0,0,0,0,0,-1,-1.01E-19,0,0.7092,0.2755,0.002709,0.0007398,0.006719,-1,0.01527,2.39,2.282,2.408,2.052
0.0152,0.01508,7,1.6792864799,2.5518605709,1.679,0.928,3.8732,4.18,0,0,0.538,0,0,0,0,0,-1,-6.9E-24,0,0.7092,0.2755,0.002709,0.0007398,0.006719,-1,0.01527,2.451,2.343,2.471,2.11
0.0152,0.01508,7,1.692291379,2.5526795387,1.691,0.907,3.8718,4.199,0,0,0.538,0,0,0,0,0,-1,-3.38E-28,0,0.7092,0.2755,0.002709,0.0007398,0.006719,-1,0.01527,2.503,2.395,2.525,2.158
0.0152,0.01508,7,1.7000000477,2.5531582832,1.699,0.901,3.8715,4.205,0,0,0.538,0,0,0,0,0,-1,-1E-30,0,0.7092,0.2755,0.002709,0.0007398,0.006719,-1,0.01527,2.518,2.41,2.541,2.172
0.0152,0.01508,7,1.7137007713,2.5539968014,1.713,0.892,3.871,4.216,0,0,0.538,0,0,0,0,0,-1,-1E-30,0,0.7092,0.2755,0.002709,0.0007398,0.006719,-1,0.01527,2.54,2.432,2.564,2.193
0.0152,0.01508,7,1.7366678715,2.5553684235,1.736,0.899,3.8729,4.223,0,0,0.538,0,0,0,0,0,-1,-1E-30,0,0.7092,0.2755,0.002709,0.0007398,0.006719,-1,0.01527,2.524,2.417,2.547,2.183
0.0152,0.01508,7,1.75,2.556145668,1.749,0.92,3.8772,4.222,0,0,0.538,0,0,0,0,0,-1,-1E-30,0,0.7092,0.2755,0.002709,0.0007398,0.006719,-1,0.01527,2.47,2.367,2.489,2.143
0.0152,0.01508,7,1.7726517916,2.5574355125,1.772,0.955,3.8844,4.221,0,0,0.538,0,0,0,0,0,-1,-1E-30,0,0.7092,0.2755,0.002709,0.0007398,0.006719,-1,0.01527,2.381,2.283,2.395,2.077
0.0152,0.01508,7,1.7999999523,2.5589430332,1.799,1.006,3.8959,4.223,0,0,0.538,0,0,0,0,0,-1,-1E-30,0,0.7092,0.2755,0.002709,0.0007398,0.006719,-1,0.01527,2.256,2.167,2.263,1.991
0.0152,0.01508,7,1.8056607246,2.5592484474,1.805,1.016,3.8985,4.224,0,0,0.538,0,0,0,0,0,-1,-1E-30,0,0.7092,0.2755,0.002709,0.0007397,0.006719,-1,0.01527,2.229,2.143,2.235,1.973
0.0152,0.01508,7,1.8411393166,2.5611140728,1.84,1.088,3.9181,4.239,0,0,0.538,0,0,0,0,0,-1,-1E-30,0,0.7092,0.2755,0.002709,0.0007397,0.006719,-1,0.01527,2.05,1.991,2.055,1.871
0.0152,0.01508,7,1.8500000238,2.5615673065,1.849,1.107,3.9237,4.245,0,0,0.538,0,0,0,0,0,-1,-1E-30,0,0.7092,0.2755,0.002709,0.0007397,0.006719,-1,0.01527,2.002,1.954,2.01,1.847
0.0152,0.01508,7,1.8695551157,2.5625498295,1.868,1.148,3.9365,4.26,0,0,0.538,0,0,0,0,0,-1,-1E-30,0,0.7092,0.2755,0.002709,0.0007397,0.006719,-1,0.01527,1.9,1.879,1.92,1.801
0.0152,0.01508,7,1.9000000954,2.5640332699,1.899,1.191,3.9521,4.286,0,0,0.538,0,0,0,0,0,-1,-1E-30,0,0.7092,0.2755,0.002709,0.0007397,0.006719,-1,0.01526,1.793,1.817,1.842,1.769
0.0152,0.01508,7,1.929415822,2.5654156208,1.929,1.215,3.9636,4.315,0,0,0.538,0,0,0,0,0,-1,-1E-30,0,0.7092,0.2755,0.002709,0.0007397,0.006719,-1,0.01526,1.734,1.796,1.812,1.767
0.0152,0.01508,7,1.9500001669,2.5663545132,1.95,1.224,3.9677,4.327,0,0,0.538,0,0,0,0,0,-1,-1E-30,0,0.7092,0.2755,0.002709,0.0007397,0.006719,-1,0.01527,1.711,1.788,1.801,1.765
0.0152,0.01508,7,1.9899659157,2.5681135654,1.99,1.247,3.9758,4.345,0,0,0.538,0,0,0,0,0,-1,-1E-30,0,0.7093,0.2755,0.002709,0.0007397,0.006718,-1,0.01525,1.653,1.763,1.77,1.751
0.0152,0.01508,7,2,2.5685424805,2,1.254,3.9774,4.347,0,0,0.538,0,0,0,0,0,-1,-1E-30,0,0.7093,0.2755,0.002709,0.0007397,0.006718,-1,0.01525,1.635,1.751,1.757,1.742
0.0152,0.01508,7,2.0499999523,2.5706083775,2.05,1.278,3.9839,4.359,0,0,0.538,0,0,0,0,0,-1,-1E-30,0,0.7093,0.2754,0.002709,0.0007397,0.006718,-1,0.01527,1.575,1.718,1.72,1.717
0.0152,0.01508,7,2.0825653076,2.5718927383,2.082,1.303,3.9888,4.361,0,0,0.538,0,0,0,0,0,-1,-1E-30,0,0.7093,0.2754,0.002709,0.0007396,0.006718,-1,0.01527,1.513,1.678,1.676,1.683
0.0152,0.01508,7,2.0999999046,2.5725615025,2.099,1.317,3.9917,4.361,0,0,0.538,0,0,0,0,0,-1,-1E-30,0,0.7093,0.2754,0.002709,0.0007396,0.006718,-1,0.01527,1.477,1.654,1.65,1.662
0.0152,0.01508,7,2.1500000954,2.574410677,2.149,1.358,3.9996,4.362,0,0,0.538,0,0,0,0,0,-1,-1E-30,0,0.7093,0.2754,0.002709,0.0007396,0.006718,-1,0.01527,1.374,1.587,1.579,1.605
0.0152,0.01508,7,2.2000000477,2.5761635303,2.199,1.399,4.0073,4.363,0,0,0.538,0,0,0,0,0,-1,-1E-30,0,0.7093,0.2754,0.002709,0.0007396,0.006718,-1,0.01527,1.274,1.523,1.51,1.548
0.0152,0.01508,7,2.25,2.5778269768,2.249,1.438,4.0147,4.363,0,0,0.538,0,0,0,0,0,-1,-1E-30,0,0.7093,0.2754,0.002709,0.0007396,0.006717,-1,0.01527,1.176,1.46,1.444,1.493
0.0152,0.01508,7,2.2999999523,2.5794074535,2.299,1.475,4.0218,4.363,0,0,0.538,0,0,0,0,0,-1,-1E-30,0,0.7093,0.2754,0.002709,0.0007396,0.006717,-1,0.01527,1.082,1.4,1.38,1.439
0.0152,0.01508,7,2.4000000954,2.5823426247,2.399,1.548,4.0353,4.364,0,0,0.538,0,0,0,0,0,-1,-1E-30,0,0.7093,0.2754,0.002709,0.0007396,0.006717,-1,0.01527,0.9,1.285,1.259,1.336
0.0152,0.01508,7,2.5999999046,2.5874414444,2.6,1.683,4.0601,4.363,0,0,0.538,0,0,0,0,0,-1,-1E-30,0,0.7092,0.2755,0.00271,0.0007399,0.00672,-1,0.01527,0.563,1.073,1.036,1.142
0.0152,0.01508,7,2.7468900681,2.590647459,2.747,1.775,4.0766,4.36,1,0,0.538,0,0,0,0,0,-1,-1E-30,0,0.7092,0.2755,0.00271,0.0007399,0.00672,-1,0.01527,0.332,0.927,0.884,1.006
0.0152,0.01508,7,2.8000001907,2.591711998,2.8,1.807,4.0822,4.359,1,0,0.538,0,0,0,0,0,-1,-1E-30,0,0.7092,0.2755,0.00271,0.0007399,0.00672,-1,0.01527,0.252,0.876,0.832,0.959
0.0152,0.01508,7,3,2.5953342915,3,1.922,4.1024,4.354,1,0,0.538,0,0,0,0,0,-1,-1E-30,0,0.7092,0.2755,0.00271,0.0007399,0.00672,-1,0.01527,-0.036,0.695,0.645,0.791
0.0152,0.01508,7,3.0074486732,2.5954585075,3.008,1.927,4.1031,4.354,1,0,0.538,0,0,0,0,0,-1,-1E-30,0,0.7092,0.2755,0.00271,0.0007399,0.00672,-1,0.01527,-0.046,0.689,0.638,0.785
0.0152,0.01508,7,3.2000000477,2.598441124,3.199,2.029,4.1209,4.349,0,0,0.538,0,0,0,0,0,-1,-1E-30,0,0.7092,0.2755,0.00271,0.0007399,0.00672,-1,0.01527,-0.304,0.529,0.473,0.635
0.0152,0.01508,7,3.4000000954,2.6011312008,3.398,2.129,4.1378,4.343,1,0,0.538,0,0,0,0,0,-1,-1E-30,0,0.7092,0.2755,0.00271,0.0007399,0.00672,-1,0.01527,-0.554,0.374,0.312,0.489
0.0152,0.01508,7,3.6000001431,2.6034805775,3.598,2.223,4.1533,4.336,1,0,0.538,0,0,0,0,0,-1,-1E-30,0,0.7092,0.2755,0.00271,0.0007399,0.00672,-1,0.01527,-0.788,0.227,0.161,0.351
0.0152,0.01508,7,3.7569794655,2.6051244736,3.755,2.293,4.1649,4.331,1,0,0.538,0,0,0,0,0,-1,-1E-30,0,0.7092,0.2755,0.00271,0.0007399,0.00672,-1,0.01527,-0.963,0.12,0.05,0.25
0.0152,0.01508,7,3.8000001907,2.605547905,3.798,2.312,4.1681,4.33,1,0,0.538,0,0,0,0,0,-1,-1E-30,0,0.7092,0.2755,0.00271,0.0007399,0.00672,-1,0.01527,-1.01,0.091,0.02,0.223
0.0152,0.01508,7,4,2.6073791981,4.001,2.395,4.1817,4.324,1,0,0.538,0,0,0,0,0,-1,-1E-30,0,0.7092,0.2755,0.00271,0.0007399,0.00672,-1,0.01527,-1.218,-0.038,-0.113,0.101
0.0152,0.01508,7,4.1999998093,2.6090114117,4.198,2.475,4.1946,4.317,1,0,0.538,0,0,0,0,0,-1,-1E-30,0,0.7092,0.2755,0.00271,0.0007399,0.00672,-1,0.01527,-1.416,-0.161,-0.24,-0.014
0.0152,0.01508,7,4.4000000954,2.6104743481,4.397,2.55,4.2066,4.31,1,0,0.538,0,0,0,0,0,-1,-1E-30,0,0.7092,0.2755,0.00271,0.0007399,0.00672,-1,0.01527,-1.604,-0.278,-0.361,-0.125
0.0152,0.01508,7,4.5999999046,2.6117916107,4.597,2.621,4.2179,4.303,1,0,0.538,0,0,0,0,0,-1,-1E-30,0,0.7092,0.2755,0.00271,0.0007399,0.00672,-1,0.01527,-1.783,-0.391,-0.477,-0.231
0.0152,0.01508,7,4.8000001907,2.6129837036,4.798,2.69,4.2289,4.297,1,0,0.538,0,0,0,0,0,-1,-1E-30,0,0.7092,0.2755,0.00271,0.0007399,0.00672,-1,0.01527,-1.955,-0.498,-0.587,-0.332
0.0152,0.01508,7,5,2.6140668392,4.999,2.755,4.2388,4.289,1,0,0.538,0,0,0,0,0,-1,-1E-30,0,0.7092,0.2755,0.00271,0.0007399,0.00672,-1,0.01527,-2.118,-0.603,-0.695,-0.431
0.0152,0.01508,7,5.0243091583,2.6141915321,5.023,2.763,4.24,4.288,1,0,0.538,0,0,0,0,0,-1,-1E-30,0,0.7092,0.2755,0.00271,0.0007399,0.00672,-1,0.01527,-2.137,-0.615,-0.708,-0.443
0.0152,0.01508,7,5.1999998093,2.6150546074,5.2,2.818,4.2485,4.282,1,0,0.538,0,0,0,0,0,-1,-1E-30,0,0.7092,0.2755,0.00271,0.0007399,0.00672,-1,0.01527,-2.275,-0.703,-0.798,-0.526
0.0152,0.01508,7,5.3999996185,2.6159586906,5.401,2.879,4.2579,4.275,1,0,0.538,0,0,0,0,0,-1,-1E-30,0,0.7092,0.2755,0.00271,0.0007399,0.00672,-1,0.01527,-2.427,-0.8,-0.897,-0.617
0.0152,0.01508,7,5.5999994278,2.6167888641,5.601,2.937,4.2668,4.268,1,0,0.538,0,0,0,0,0,-1,-1E-30,0,0.7092,0.2755,0.00271,0.0007399,0.00672,-1,0.01527,-2.573,-0.894,-0.994,-0.706
0.0152,0.01508,7,5.8000001907,2.6175537109,5.801,2.993,4.2752,4.261,1,0,0.538,0,0,0,0,0,-1,-1E-30,0,0.7092,0.2755,0.00271,0.0007399,0.00672,-1,0.01527,-2.713,-0.985,-1.087,-0.792
0.0152,0.01508,7,6,2.6182601452,6,3.048,4.2834,4.254,1,0,0.538,0,0,0,0,0,-1,-1E-30,0,0.7092,0.2755,0.00271,0.0007399,0.00672,-1,0.01527,-2.849,-1.073,-1.178,-0.876
0.0152,0.01508,7,6.1999998093,2.6189143658,6.2,3.1,4.2913,4.248,1,0,0.538,0,0,0,0,0,-1,-1E-30,0,0.7092,0.2755,0.00271,0.0007399,0.00672,-1,0.01527,-2.98,-1.159,-1.266,-0.957
0.0152,0.01508,7,6.4000000954,2.6195218563,6.399,3.151,4.2987,4.241,1,0,0.538,0,0,0,0,0,-1,-1E-30,0,0.7092,0.2755,0.00271,0.0007399,0.00672,-1,0.01527,-3.106,-1.243,-1.352,-1.037
0.0152,0.01508,7,7,2.6211071014,6.996,3.294,4.3197,4.22,1,0,0.538,0,0,0,0,0,-1,-1E-30,0,0.7092,0.2755,0.00271,0.0007399,0.00672,-1,0.01527,-3.465,-1.482,-1.597,-1.265
0.0152,0.01508,7,7.1827168465,2.6215298176,7.18,3.335,4.3255,4.213,1,0,0.538,0,0,0,0,0,-1,-1E-30,0,0.7092,0.2755,0.00271,0.0007399,0.00672,-1,0.01527,-3.567,-1.552,-1.668,-1.331
0.0152,0.01508,7,7.8277215958,2.6228420734,7.828,3.472,4.3449,4.191,1,0,0.538,0,0,0,0,0,-1,-1E-30,0,0.7092,0.2755,0.00271,0.0007399,0.00672,-1,0.01527,-3.911,-1.788,-1.91,-1.557
0.0152,0.01508,7,8,2.6231517792,8.001,3.508,4.3498,4.184,1,0,0.538,0,0,0,0,0,-1,-1E-30,0,0.7092,0.2755,0.00271,0.0007399,0.00672,-1,0.01527,-4,-1.85,-1.973,-1.616
0.0152,0.01508,7,8.1099500656,2.6233415604,8.11,3.53,4.3527,4.18,1,0,0.538,0,0,0,0,0,-1,-1E-30,0,0.7092,0.2755,0.00271,0.0007399,0.00672,-1,0.01527,-4.054,-1.888,-2.012,-1.652
0.0152,0.01508,7,8.7556915283,2.6243460178,8.751,3.654,4.3691,4.155,1,0,0.538,0,0,0,0,0,-1,-1E-30,0,0.7092,0.2755,0.00271,0.0007399,0.00672,-1,0.01527,-4.364,-2.108,-2.236,-1.865
0.0152,0.01508,7,9,2.6246831417,8.995,3.699,4.3749,4.145,1,0,0.538,0,0,0,0,0,-1,-1E-30,0,0.7092,0.2755,0.00271,0.0007399,0.00672,-1,0.01527,-4.477,-2.191,-2.32,-1.945
0.0152,0.01508,7,9.1304521561,2.6248545647,9.125,3.722,4.3779,4.14,1,0,0.538,0,0,0,0,0,-1,-1E-30,0,0.7092,0.2755,0.00271,0.0007399,0.00672,-1,0.01527,-4.535,-2.233,-2.363,-1.986
0.0152,0.01508,7,9.6927623749,2.6255335808,9.689,3.82,4.3898,4.116,1,0,0.538,0,0,0,0,0,-1,-1E-30,0,0.7092,0.2755,0.00271,0.0007399,0.00672,-1,0.01527,-4.78,-2.414,-2.547,-2.161
0.0152,0.01508,7,10,2.6258678436,9.998,3.872,4.3959,4.102,1,0,0.538,0,0,0,0,0,-1,-1E-30,0,0.7092,0.2755,0.00271,0.0007399,0.00672,-1,0.01527,-4.909,-2.512,-2.646,-2.256
0.0152,0.01508,7,10.1434803009,2.6260159016,10.142,3.895,4.3986,4.095,1,0,0.538,0,0,0,0,0,-1,-1E-30,0,0.7092,0.2755,0.00271,0.0007399,0.00672,-1,0.01527,-4.968,-2.556,-2.691,-2.299
0.0152,0.01508,7,10.6504821777,2.6265025139,10.651,3.976,4.4075,4.072,1,0,0.538,0,0,0,0,0,-1,-1E-30,0,0.7092,0.2755,0.00271,0.0007399,0.00672,-1,0.01527,-5.169,-2.696,-2.836,-2.435
0.0152,0.01508,7,11,2.6268081665,11.001,4.03,4.4131,4.054,1,0,0.538,0,0,0,0,0,-1,-1E-30,0,0.7092,0.2755,0.00271,0.0007399,0.00672,-1,0.01527,-5.306,-2.807,-2.951,-2.537
0.0152,0.01508,7,11.2928743362,2.6270477772,11.294,4.074,4.4174,4.038,1,0,0.538,0,0,0,0,0,-1,-1E-30,0,0.7092,0.2755,0.00271,0.0007399,0.00672,-1,0.01527,-5.416,-2.899,-3.046,-2.622
0.0152,0.01508,7,11.6818408966,2.6273443699,11.683,4.132,4.4225,4.015,1,0,0.538,0,0,0,0,0,-1,-1E-30,0,0.7092,0.2755,0.00271,0.0007399,0.00672,-1,0.01527,-5.56,-3.025,-3.175,-2.738
0.0152,0.01508,7,12,2.6275708675,12.001,4.179,4.4263,3.996,1,0,0.538,0,0,0,0,0,-1,-1E-30,0,0.7092,0.2755,0.00271,0.0007399,0.00672,-1,0.01527,-5.677,-3.129,-3.28,-2.838
0.0152,0.01508,7,12.1029930115,2.627641201,12.102,4.193,4.4274,3.99,1,0,0.538,0,0,0,0,0,-1,-1.61E-29,0,0.7092,0.2755,0.002712,0.00074,0.00672,-1,0.01527,-5.712,-3.16,-3.311,-2.871
0.0152,0.01508,7,12.4781074524,2.6278860569,12.469,4.244,4.4311,3.966,1,0,0.539,0,0,0,0,0,-1,-3.32E-25,0,0.7092,0.2755,0.002719,0.0007402,0.00672,-1,0.01527,-5.84,-3.275,-3.424,-2.991
0.0152,0.01508,7,12.8513746262,2.6281135082,12.832,4.294,4.4343,3.941,1,0,0.541,0,0,0,0,0,-1,-4.94E-21,0,0.7092,0.2755,0.002726,0.0007403,0.006719,-1,0.01527,-5.965,-3.389,-3.537,-3.109
0.0152,0.01508,7,13.3305215836,2.6283843517,13.298,4.358,4.4372,3.905,1,0,0.543,0,0,0,0,0,-1,-7.67E-16,0,0.7092,0.2755,0.002734,0.0007405,0.006719,-1,0.01527,-6.125,-3.541,-3.689,-3.263
0.0152,0.01508,7,13.7729949951,2.6286151409,13.726,4.417,4.4389,3.866,1,0,0.544,0,0,0,0,0,-1,-3.28E-11,0,0.7092,0.2755,0.002742,0.0007407,0.006719,-1,0.01527,-6.271,-3.684,-3.832,-3.408
0.0152,0.01508,7,14,2.6287269592,13.946,4.446,4.4392,3.845,0,0,0.545,0,0,0,0,0,-1,-6.92E-09,0,0.7092,0.2755,0.002746,0.0007408,0.006719,-1,0.01527,-6.346,-3.759,-3.907,-3.484
0.0152,0.01508,7,14.0053653717,2.6287295818,13.951,4.447,4.4392,3.845,0,0,0.545,0,0,0,0,0,-1,-6.94E-09,0,0.7092,0.2755,0.002746,0.0007408,0.006719,-1,0.01527,-6.347,-3.761,-3.909,-3.485
0.0152,0.01508,7,14.4551410675,2.6289393902,14.389,4.502,4.4393,3.803,0,0,0.545,0,0,0,0,0,-1,-8.81E-09,0,0.7092,0.2755,0.002746,0.0007408,0.006719,-1,0.01527,-6.485,-3.905,-4.052,-3.629
0.0152,0.01508,7,14.9503984451,2.6291534901,14.868,4.563,4.4373,3.749,0,0,0.545,0,0,0,0,0,-1,-1.12E-08,0,0.7092,0.2755,0.002746,0.0007408,0.006719,-1,0.01527,-6.637,-4.075,-4.223,-3.798
0.0152,0.01508,7,15.4330835342,2.629347086,15.334,4.622,4.4335,3.688,0,0,0.545,0,0,0,0,0,-1,-1.4E-08,0,0.7092,0.2755,0.002746,0.0007408,0.006719,-1,0.01527,-6.784,-4.253,-4.401,-3.975
0.0152,0.01508,7,15.865023613,2.6295089722,15.748,4.674,4.4279,3.625,0,0,0.545,0,0,0,0,0,-1,-1.66E-08,0,0.7092,0.2755,0.002746,0.0007408,0.006719,-1,0.01527,-6.915,-4.426,-4.574,-4.148
0.0152,0.01508,7,16,2.6295573711,15.878,4.69,4.4258,3.604,0,0,0.545,0,0,0,0,0,-1,-1.74E-08,0,0.7092,0.2755,0.002746,0.0007408,0.006719,-1,0.01527,-6.956,-4.484,-4.631,-4.206
0.0152,0.01508,7,16.0600948334,2.6295788288,15.934,4.697,4.4248,3.595,0,0,0.545,0,0,0,0,0,-1,-1.78E-08,0,0.7092,0.2755,0.002746,0.0007408,0.006719,-1,0.01527,-6.973,-4.508,-4.655,-4.231
0.0152,0.01508,7,16.4149589539,2.6297008991,16.265,4.738,4.4171,3.532,0,0,0.545,0,0,0,0,0,-1,-1.94E-08,0,0.7092,0.2755,0.002746,0.0007408,0.006719,-1,0.01527,-7.075,-4.665,-4.808,-4.399
0.0152,0.01508,7,16.758184433,2.6298134327,16.584,4.777,4.408,3.464,0,0,0.545,0,0,0,0,0,-1,-2.07E-08,0,0.7092,0.2755,0.002746,0.0007408,0.006719,-1,0.01527,-7.173,-4.831,-4.969,-4.577
0.0152,0.01508,7,17.0789051056,2.6299138069,16.881,4.814,4.3976,3.394,0,0,0.545,0,0,0,0,0,-1,-2.16E-08,0,0.7092,0.2755,0.002746,0.0007408,0.006719,-1,0.01527,-7.265,-4.968,-5.104,-4.722
0.0152,0.01508,7,17.271030426,2.6299717426,17.059,4.837,4.3899,3.345,0,0,0.545,0,0,0,0,0,-1,-2.17E-08,0,0.7092,0.2755,0.002746,0.0007408,0.006719,-1,0.01527,-7.321,-5.074,-5.208,-4.831
0.0152,0.01508,7,17.4594345093,2.6300272942,17.232,4.859,4.3813,3.292,0,0,0.545,0,0,0,0,0,-1,-2.26E-08,0,0.7092,0.2755,0.002746,0.0007408,0.006719,-1,0.01527,-7.378,-5.183,-5.315,-4.943
0.0152,0.01508,7,17.7064208984,2.6300981045,17.45,4.89,4.3725,3.232,0,0,0.545,0,0,0,0,0,-1,-4.76E-08,0,0.7092,0.2755,0.002746,0.0007408,0.006719,-1,0.01527,-7.455,-5.278,-5.409,-5.041
0.0152,0.01508,7,17.9698810577,2.6301710606,17.665,4.928,4.379,3.225,0,0,0.545,0,0,0,0,0,-1,-3.16E-08,0,0.7092,0.2755,0.002746,0.0007408,0.006719,-1,0.01527,-7.551,-5.363,-5.494,-5.124
0.0152,0.01508,7,17.9980430603,2.6301789284,17.69,4.937,4.3876,3.251,0,0,0.545,0,0,0,0,0,-1,-3.31E-08,0,0.7092,0.2755,0.002746,0.0007408,0.006719,-1,0.01527,-7.573,-5.336,-5.469,-5.094
0.0152,0.01508,7,18,2.6301794052,17.693,4.938,4.3886,3.254,0,0,0.545,0,0,0,0,0,-1,-3.37E-08,0,0.7092,0.2755,0.002746,0.0007408,0.006719,-1,0.01527,-7.576,-5.332,-5.465,-5.089
0.0152,0.01508,7,18.0036144257,2.6301803589,17.697,4.94,4.3904,3.26,0,0,0.545,0,0,0,0,0,-1,-3.47E-08,0,0.7092,0.2755,0.002746,0.0007408,0.006719,-1,0.01527,-7.579,-5.325,-5.458,-5.081
0.0152,0.01508,7,18.0126342773,2.6301827431,17.705,4.951,4.4009,3.291,0,0,0.545,0,0,0,0,0,-1,-4.16E-08,0,0.7092,0.2755,0.002746,0.0007408,0.006719,-1,0.01527,-7.607,-5.352,-5.486,-5.111
0.0152,0.01508,7,18.0171775818,2.6301839352,17.709,4.966,4.412,3.32,0,0,0.545,0,0,0,0,0,-1,-5.14E-08,0,0.7092,0.2755,0.002746,0.0007408,0.006719,-1,0.01527,-7.645,-5.328,-5.466,-5.078
0.0152,0.01508,7,18.018907547,2.630184412,17.711,4.977,4.419,3.337,0,0,0.545,0,0,0,0,0,-1,-5.89E-08,0,0.7092,0.2755,0.002746,0.0007408,0.006719,-1,0.01527,-7.673,-5.316,-5.456,-5.059
0.0152,0.01508,7,18.0198574066,2.6301846504,17.712,4.977,4.4195,3.339,0,0,0.545,0,0,0,0,0,-1,-6E-08,0,0.7092,0.2755,0.002746,0.0007408,0.006719,-1,0.01527,-7.673,-5.313,-5.453,-5.055
0.0152,0.01508,7,18.0240879059,2.6301858425,17.715,4.965,4.4125,3.323,1,0,0.545,0,0,0,0,0,-1,-5.26E-08,0,0.7092,0.2755,0.002746,0.0007408,0.006719,-1,0.01527,-7.643,-5.323,-5.461,-5.072
0.0152,0.01508,7,18.0253486633,2.6301863194,17.717,4.963,4.4023,3.285,1,0,0.545,0,0,0,0,0,-1,-4.63E-08,0,0.7092,0.2755,0.002746,0.0007408,0.006719,-1,0.01527,-7.637,-5.377,-5.512,-5.136
0.0152,0.01508,7,18.0264930725,2.6301865578,17.717,4.963,4.3908,3.239,1,0,0.545,0,0,0,0,0,-1,-4.05E-08,0,0.7092,0.2755,0.002746,0.0007408,0.006719,-1,0.01527,-7.636,-5.375,-5.509,-5.132
0.0152,0.01508,7,18.0274982452,2.6301867962,17.718,4.964,4.3791,3.191,1,0,0.545,0,0,0,0,0,-1,-3.47E-08,0,0.7092,0.2755,0.002746,0.0007408,0.006719,-1,0.01527,-7.639,-5.451,-5.582,-5.213
0.0152,0.01508,7,18.028345108,2.6301870346,17.719,4.965,4.3682,3.146,1,0,0.545,0,0,0,0,0,-1,-1.12E-07,0,0.7092,0.2755,0.002746,0.0007408,0.006719,-1,0.01527,-7.643,-5.559,-5.69,-5.324
0.0152,0.01508,7,18.0291938782,2.630187273,17.719,4.967,4.3562,3.097,1,0,0.545,0,0,0,0,0,-1,-3.8E-07,0,0.7092,0.2755,0.002746,0.0007408,0.006719,-1,0.01527,-7.647,-5.648,-5.774,-5.422
0.0152,0.01508,7,18.0300655365,2.6301875114,17.72,4.969,4.3432,3.043,1,0,0.545,0,0,0,0,0,-1,-6.05E-07,0,0.7092,0.2755,0.002746,0.0007408,0.006719,-1,0.01527,-7.652,-5.73,-5.853,-5.51
0.0152,0.01508,7,18.0307636261,2.6301877499,17.72,4.97,4.3321,2.997,1,0,0.545,0,0,0,0,0,-1,-6.07E-07,0,0.7092,0.2755,0.002746,0.0007408,0.006719,-1,0.01527,-7.656,-5.791,-5.913,-5.575
0.0152,0.01508,7,18.0314731598,2.6301879883,17.72,4.971,4.3202,2.948,1,0,0.545,0,0,0,0,0,-1,-5.98E-07,0,0.7092,0.2755,0.002746,0.0007408,0.006719,-1,0.01527,-7.659,-5.862,-5.981,-5.652
0.0152,0.01508,7,18.0321884155,2.6301879883,17.721,4.972,4.3075,2.896,1,0,0.545,0,0,0,0,0,-1,-5.8E-07,0,0.7092,0.2755,0.002746,0.0007408,0.006719,-1,0.01527,-7.661,-5.941,-6.057,-5.737
0.0152,0.01508,7,18.0327320099,2.6301882267,17.721,4.973,4.2974,2.855,1,0,0.545,0,0,0,0,0,-1,-5.69E-07,0,0.7092,0.2755,0.002746,0.0007408,0.006719,-1,0.01527,-7.663,-5.861,-5.972,-5.658
0.0152,0.01508,7,18.0332794189,2.6301884651,17.722,4.974,4.2868,2.812,1,0,0.545,0,0,0,0,0,-1,-5.6E-07,0,0.7092,0.2755,0.002746,0.0007408,0.006719,-1,0.01527,-7.664,-5.923,-6.032,-5.729
0.0152,0.01508,7,18.0338249207,2.6301884651,17.722,4.974,4.2757,2.767,1,0,0.545,0,0,0,0,0,-1,-5.44E-07,0,0.7092,0.2755,0.002746,0.0007408,0.006719,-1,0.01527,-7.665,-5.989,-6.093,-5.803
0.0152,0.01508,7,18.0343780518,2.6301887035,17.722,4.974,4.264,2.72,1,0,0.545,0,0,0,0,0,-1,-5.28E-07,0,0.7092,0.2755,0.002746,0.0007408,0.006719,-1,0.01527,-7.666,-6.054,-6.156,-5.875
0.0152,0.01508,7,18.0349369049,2.630188942,17.723,4.974,4.2517,2.671,1,0,0.545,0,0,0,0,0,-1,-5.11E-07,0,0.7092,0.2755,0.002746,0.0007408,0.006719,-1,0.01527,-7.666,-6.122,-6.22,-5.95
0.0152,0.01508,7,18.0354976654,2.630188942,17.723,4.974,4.2387,2.619,1,0,0.545,0,0,0,0,0,-1,-5E-07,0,0.7092,0.2755,0.002746,0.0007408,0.006719,-1,0.01527,-7.666,-6.194,-6.288,-6.03
0.0152,0.01508,7,18.0360622406,2.6301891804,17.723,4.974,4.225,2.565,1,0,0.545,0,0,0,0,0,-1,-4.81E-07,0,0.7092,0.2755,0.002746,0.0007408,0.006719,-1,0.01527,-7.665,-6.269,-6.359,-6.113
0.0152,0.01508,7,18.036441803,2.6301891804,17.724,4.973,4.2154,2.527,1,0,0.545,0,0,0,0,0,-1,-4.69E-07,0,0.7092,0.2755,0.002746,0.0007408,0.006719,-1,0.01527,-7.664,-6.321,-6.408,-6.171
0.0152,0.01508,7,18.0368270874,2.6301894188,17.724,4.973,4.2052,2.487,1,0,0.545,0,0,0,0,0,-1,-4.56E-07,0,0.7092,0.2755,0.002746,0.0007408,0.006719,-1,0.01527,-7.662,-6.376,-6.46,-6.232
0.0152,0.01508,7,18.0372142792,2.6301894188,17.724,4.972,4.1947,2.445,1,0,0.545,0,0,0,0,0,-1,-4.41E-07,0,0.7092,0.2755,0.002746,0.0007408,0.006719,-1,0.01527,-7.66,-6.432,-6.513,-6.295
0.0152,0.01508,7,18.037607193,2.6301896572,17.724,4.971,4.1835,2.402,1,0,0.545,0,0,0,0,0,-1,-4.31E-07,0,0.7092,0.2755,0.002746,0.0007408,0.006719,-1,0.01527,-7.658,-6.492,-6.569,-6.361
0.0152,0.01508,7,18.0380039215,2.6301896572,17.724,4.97,4.1717,2.355,1,0,0.545,0,0,0,0,0,-1,-4.14E-07,0,0.7092,0.2755,0.002746,0.0007408,0.006719,-1,0.01527,-7.655,-6.554,-6.627,-6.431
0.0152,0.01508,7,18.0384178162,2.6301896572,17.725,4.969,4.1588,2.305,1,0,0.545,0,0,0,0,0,-1,-4.02E-07,0,0.7092,0.2755,0.002746,0.0007408,0.006719,-1,0.01527,-7.652,-6.62,-6.688,-6.507
0.0152,0.01508,7,18.0388412476,2.6301898956,17.725,4.967,4.145,2.251,1,0,0.545,0,0,0,0,0,-1,-3.87E-07,0,0.7092,0.2755,0.002746,0.0007408,0.006719,-1,0.01527,-7.648,-6.69,-6.753,-6.59
0.0152,0.01508,7,18.0392856598,2.6301898956,17.726,4.965,4.1295,2.191,1,0,0.545,0,0,0,0,0,-1,-3.66E-07,0,0.7092,0.2755,0.002746,0.0007408,0.006719,-1,0.01527,-7.643,-6.773,-6.831,-6.68
0.0152,0.01508,7,18.0397567749,2.630190134,17.725,4.963,4.1121,2.124,1,0,0.545,0,0,0,0,0,-1,-3.5E-07,0,0.7092,0.2755,0.002746,0.0007408,0.006719,-1,0.01527,-7.637,-6.867,-6.921,-6.779
0.0152,0.01508,7,18.0400066376,2.630190134,17.725,4.961,4.1024,2.087,1,0,0.545,0,0,0,0,0,-1,-9.95E-07,0,0.7092,0.2755,0.002746,0.0007408,0.006719,-1,0.01527,-7.633,-6.917,-6.968,-6.834
0.0152,0.01508,7,18.0402736664,2.6301903725,17.725,4.96,4.0916,2.045,1,0,0.545,0,0,0,0,0,-1,-9.66E-07,0,0.7092,0.2755,0.002746,0.0007408,0.006719,-1,0.01527,-7.629,-6.972,-7.019,-6.895
0.0152,0.01508,7,18.040555954,2.6301903725,17.725,4.958,4.0796,1.999,1,0,0.545,0,0,0,0,0,-1,-9.32E-07,0,0.7092,0.2755,0.002746,0.0007408,0.006719,-1,0.01527,-7.624,-7.03,-7.074,-6.962
0.0152,0.01508,7,18.0408744812,2.6301903725,17.725,4.955,4.0654,1.945,1,0,0.545,0,0,0,0,0,-1,-9.11E-07,0,0.7092,0.2755,0.002746,0.0007408,0.006719,-1,0.01527,-7.619,-7.085,-7.119,-7.041
0.0152,0.01508,7,18.0412330627,2.6301906109,17.725,4.953,4.0484,1.879,1,0,0.545,0,0,0,0,0,-1,-1.22E-06,0,0.7092,0.2755,0.002746,0.0007408,0.006719,-1,0.01527,-7.612,-7.166,-7.194,-7.132
0.0152,0.01508,7,18.0416316986,2.6301906109,17.724,4.949,4.028,1.801,1,0,0.545,0,0,0,0,0,-1,-3.57E-06,0,0.7092,0.2755,0.002746,0.0007408,0.006719,-1,0.01527,-7.604,-7.26,-7.28,-7.237
0.0152,0.01508,7,18.0420780182,2.6301908493,17.723,4.946,4.0031,1.705,1,0,0.545,0,0,0,0,0,-1,-3.33E-06,0,0.7092,0.2755,0.002746,0.0007408,0.006719,-1,0.01527,-7.594,-7.367,-7.379,-7.359
0.0152,0.01508,7,18.0425777435,2.6301908493,17.723,4.941,3.9723,1.587,1,0,0.545,0,0,0,0,0,-1,-3.17E-06,0,0.7092,0.2755,0.002746,0.0007408,0.006719,-1,0.01527,-7.583,-7.491,-7.492,-7.501
0.0152,0.01508,7,18.043132782,2.6301910877,17.723,4.936,3.9343,1.44,1,0,0.545,0,0,0,0,0,-1,-2.88E-06,0,0.7092,0.2755,0.002746,0.0007408,0.006719,-1,0.01527,-7.569,-7.612,-7.589,-7.668
0.0152,0.01508,7,18.0437450409,2.6301910877,17.722,4.928,3.8873,1.259,1,0,0.545,0,0,0,0,0,-1,-2.57E-06,0,0.7092,0.2755,0.002746,0.0007408,0.006719,-1,0.01527,-7.551,-7.713,-7.656,-7.832
0.0152,0.01508,7,18.0443401337,2.6301913261,17.722,4.919,3.8354,1.061,1,0,0.545,0,0,0,0,0,-1,-2.22E-06,0,0.7092,0.2755,0.002746,0.0007408,0.006719,-1,0.01527,-7.527,-7.725,-7.587,-7.977
0.0152,0.01508,7,18.0446147919,2.6301913261,17.722,4.912,3.8103,0.968,1,0,0.545,0,0,0,0,0,-1,-1.94E-06,0,0.7092,0.2755,0.002746,0.0007408,0.006719,-1,0.01527,-7.509,-7.705,-7.511,-8.037
0.0152,0.01508,7,18.0447673798,2.6301915646,17.722,4.907,3.7964,0.917,1,0,0.545,0,0,0,0,0,-1,-1.81E-06,0,0.7092,0.2755,0.002746,0.0007408,0.006719,-1,0.01527,-7.497,-7.687,-7.457,-8.066
0.0152,0.01508,7,18.0449390411,2.6301915646,17.721,4.9,3.7794,0.856,1,0,0.545,0,0,0,0,0,-1,-1.71E-06,0,0.7092,0.2755,0.002746,0.0007408,0.006719,-1,0.01527,-7.481,-7.66,-7.383,-8.096
0.0152,0.01508,7,18.0451316833,2.6301915646,17.722,4.892,3.7598,0.786,1,0,0.545,0,0,0,0,0,-1,-1.58E-06,0,0.7092,0.2755,0.002746,0.0007408,0.006719,-1,0.01527,-7.459,-7.615,-7.278,-8.117
0.0152,0.01508,7,18.0453453064,2.6301915646,17.722,4.882,3.7374,0.706,1,0,0.545,0,0,0,0,0,-1,-1.45E-06,0,0.7092,0.2755,0.002746,0.0007408,0.006719,-1,0.01527,-7.435,-7.554,-7.151,-8.124
0.0152,0.01508,7,18.0455875397,2.630191803,17.722,4.868,3.713,0.623,1,0,0.545,0,0,0,0,0,-1,-1.25E-06,0,0.7092,0.2755,0.002746,0.0007408,0.006719,-1,0.01527,-7.399,-7.463,-6.994,-8.093
0.0152,0.01508,7,18.0458545685,2.630191803,17.722,4.847,3.6882,0.545,1,0,0.545,0,0,0,0,0,-1,-1.02E-06,0,0.7092,0.2755,0.002746,0.0007408,0.006719,-1,0.01527,-7.347,-7.339,-6.805,-8.024
0.0152,0.01508,7,18.0461559296,2.630191803,17.722,4.818,3.6632,0.474,1,0,0.545,0,0,0,0,0,-1,-8.63E-07,0,0.7092,0.2755,0.002746,0.0007408,0.006719,-1,0.01527,-7.274,-7.183,-6.582,-7.92
0.0152,0.01508,7,18.0464820862,2.6301920414,17.722,4.792,3.6397,0.405,1,0,0.545,0,0,0,0,0,-1,-6.94E-07,0,0.7092,0.2755,0.002746,0.0007408,0.006719,-1,0.01527,-7.211,-7.009,-6.332,-7.8
0.0152,0.01508,7,18.047170639,2.6301920414,17.722,4.739,3.6082,0.333,1,0,0.545,0,0,0,0,0,-1,-4.91E-07,0,0.7092,0.2755,0.002745,0.0007408,0.006719,-1,0.01527,-7.077,-6.685,-5.884,-7.559
0.0152,0.01508,7,18.0475387573,2.6301922798,17.723,4.742,3.5994,0.294,1,0,0.544,0,0,0,0,0,-1,-4.47E-07,0,0.7092,0.2755,0.00274,0.0007415,0.006719,-1,0.01527,-7.086,-6.63,-5.785,-7.531
0.0152,0.01508,7,18.0479335785,2.6301922798,17.723,4.766,3.5896,0.231,1,0,0.521,0,0,0,0,0,-1,-4.3E-07,0,0.7091,0.2755,0.00261,0.0008595,0.006719,-1,0.01531,-7.145,-6.611,-5.708,-7.545
0.0152,0.01508,7,18.048248291,2.6301925182,17.723,4.826,3.581,0.137,1,0,0.494,0,0,0,0,0,-1,-4.85E-07,0,0.6948,0.2899,0.002344,0.001494,0.006344,-1,0.01534,-7.295,-6.683,-5.715,-7.651
0.0152,0.01508,7,18.0484695435,2.6301925182,17.723,4.861,3.5756,0.08,1,0,0.481,0,0,0,0,0,-1,-5.91E-07,0,0.6885,0.2962,0.002231,0.001763,0.006183,-1,0.01531,-7.383,-6.712,-5.693,-7.705
0.0152,0.01508,7,18.0488891602,2.6301925182,17.724,4.915,3.5672,-0.007,1,0,0.454,0,0,0,0,0,-1,-7.57E-07,0,0.6831,0.3016,0.002065,0.002059,0.006053,-1,0.0153,-7.517,-6.746,-5.633,-7.782
0.0152,0.01508,7,18.0690383911,2.6301980019,17.721,5.013,3.5563,-0.149,1,0,0.408,0,0,0,0,0,-1,-1.49E-06,0,0.6516,0.333,0.001643,0.003162,0.005367,-1,0.01537,-7.762,-6.836,-5.551,-7.938
0.0152,0.01508,7,18.1000652313,2.6302063465,17.721,4.976,3.5612,-0.093,1,0,0.408,0,0,0,0,0,-1,-1.3E-06,0,0.6511,0.3336,0.001638,0.003177,0.005356,-1,0.01537,-7.67,-6.819,-5.619,-7.89
0.0152,0.01508,7,18.1502113342,2.630219698,17.73,4.939,3.567,-0.032,1,0,0.408,0,0,0,0,0,-1,-1.07E-06,0,0.651,0.3336,0.00164,0.003175,0.005357,-1,0.01537,-7.577,-6.804,-5.687,-7.842
0.0152,0.01508,7,18.2794494629,2.6302537918,17.762,4.93,3.5747,0.009,1,0,0.409,0,0,0,0,0,-1,-1.03E-06,0,0.6509,0.3338,0.001644,0.003169,0.005358,-1,0.01536,-7.555,-6.873,-5.841,-7.872
0.0152,0.01508,7,18.3313808441,2.6302673817,17.772,4.981,3.5822,-0.012,1,0,0.409,0,0,0,0,0,-1,-1.3E-06,0,0.6508,0.3338,0.001645,0.003167,0.005358,-1,0.01536,-7.682,-7.078,-6.107,-8.046
0.0152,0.01508,7,18.3397293091,2.6302695274,17.771,5.046,3.6516,0.2,1,0,0.409,0,0,0,0,0,-1,-2.12E-06,0,0.6508,0.3338,0.001645,0.003166,0.005358,-1,0.01536,-7.845,-7.701,-7.049,-8.474
0.0152,0.01508,7,18.3437862396,2.6302707195,17.766,5.054,3.7817,0.712,1,0,0.409,0,0,0,0,0,-1,-3.09E-06,0,0.6508,0.3338,0.001645,0.003166,0.005358,-1,0.01536,-7.866,-8.05,-7.781,-8.476
0.0152,0.01508,7,18.3458919525,2.6302711964,17.762,5.06,3.8164,0.846,1,0,0.409,0,0,0,0,0,-1,-3.49E-06,0,0.6508,0.3338,0.001646,0.003166,0.005358,-1,0.01536,-7.879,-8.078,-7.901,-8.387
0.0152,0.01508,7,18.3468379974,2.6302714348,17.761,5.064,3.8304,0.897,1,0,0.409,0,0,0,0,0,-1,-3.73E-06,0,0.6508,0.3338,0.001646,0.003166,0.005358,-1,0.01536,-7.891,-8.092,-7.946,-8.356
0.0152,0.01508,7,18.3472862244,2.6302716732,17.76,5.066,3.8381,0.925,1,0,0.409,0,0,0,0,0,-1,-3.81E-06,0,0.6508,0.3338,0.001646,0.003166,0.005358,-1,0.01536,-7.896,-8.096,-7.965,-8.337
0.0152,0.01508,7,18.3477096558,2.6302716732,17.758,5.068,3.8478,0.962,1,0,0.409,0,0,0,0,0,-1,-3.95E-06,0,0.6508,0.3338,0.001646,0.003166,0.005358,-1,0.01536,-7.901,-8.099,-7.986,-8.312
0.0152,0.01508,7,18.3478870392,2.6302716732,17.758,5.069,3.8527,0.981,1,0,0.409,0,0,0,0,0,-1,-3.62E-06,0,0.6508,0.3338,0.001646,0.003166,0.005358,-1,0.01536,-7.903,-8.099,-7.995,-8.297
0.0152,0.01508,7,18.3480834961,2.6302719116,17.758,5.07,3.859,1.006,1,0,0.409,0,0,0,0,0,-1,-3.04E-06,0,0.6508,0.3338,0.001646,0.003166,0.005358,-1,0.01536,-7.904,-8.098,-8.004,-8.279
0.0152,0.01508,7,18.3483047485,2.6302719116,17.758,5.07,3.8677,1.04,1,0,0.409,0,0,0,0,0,-1,-2.5E-06,0,0.6508,0.3338,0.001646,0.003166,0.005358,-1,0.01536,-7.905,-8.091,-8.01,-8.251
0.0152,0.01508,7,18.3485507965,2.6302719116,17.758,5.069,3.88,1.091,1,0,0.409,0,0,0,0,0,-1,-2.01E-06,0,0.6508,0.3338,0.001646,0.003166,0.005358,-1,0.01536,-7.902,-8.075,-8.01,-8.208
0.0152,0.01508,7,18.3488254547,2.6302719116,17.758,5.067,3.8936,1.146,1,0,0.409,0,0,0,0,0,-1,-1.58E-06,0,0.6508,0.3338,0.001646,0.003166,0.005358,-1,0.01536,-7.899,-8.049,-7.997,-8.159
0.0152,0.01508,7,18.3491344452,2.63027215,17.758,5.067,3.9066,1.199,1,0,0.409,0,0,0,0,0,-1,-1.32E-06,0,0.6508,0.3338,0.001646,0.003166,0.005358,-1,0.01536,-7.896,-8.015,-7.97,-8.112
0.0152,0.01508,7,18.3494777679,2.63027215,17.758,5.066,3.9188,1.249,1,0,0.409,0,0,0,0,0,-1,-1.36E-06,0,0.6508,0.3338,0.001646,0.003166,0.005358,-1,0.01536,-7.895,-7.981,-7.945,-8.062
0.0152,0.01508,7,18.3498630524,2.63027215,17.758,5.065,3.9311,1.299,1,0,0.409,0,0,0,0,0,-1,-1.4E-06,0,0.6508,0.3338,0.001646,0.003166,0.005358,-1,0.01536,-7.893,-7.948,-7.924,-8.006
0.0152,0.01508,7,18.3502922058,2.6302723885,17.757,5.064,3.9436,1.349,1,0,0.409,0,0,0,0,0,-1,-1.44E-06,0,0.6508,0.3338,0.001646,0.003166,0.005358,-1,0.01536,-7.891,-7.898,-7.878,-7.949
0.0152,0.01508,7,18.350774765,2.6302723885,17.757,5.064,3.9558,1.399,1,0,0.409,0,0,0,0,0,-1,-1.48E-06,0,0.6508,0.3338,0.001646,0.003166,0.005358,-1,0.01536,-7.889,-7.851,-7.838,-7.89
0.0152,0.01508,7,18.35131073,2.6302726269,17.757,5.062,3.9681,1.449,1,0,0.409,0,0,0,0,0,-1,-1.52E-06,0,0.6508,0.3338,0.001646,0.003166,0.005358,-1,0.01536,-7.886,-7.81,-7.808,-7.825
0.0152,0.01508,7,18.3519134521,2.6302728653,17.756,5.061,3.9808,1.501,1,0,0.409,0,0,0,0,0,-1,-1.56E-06,0,0.6508,0.3338,0.001646,0.003166,0.005358,-1,0.01536,-7.883,-7.755,-7.759,-7.76
0.0152,0.01508,7,18.3525867462,2.6302728653,17.756,5.06,3.9925,1.55,1,0,0.409,0,0,0,0,0,-1,-1.6E-06,0,0.6508,0.3338,0.001646,0.003166,0.005358,-1,0.01536,-7.88,-7.7,-7.708,-7.698
0.0152,0.01508,7,18.3533401489,2.6302731037,17.755,5.058,4.0037,1.596,1,0,0.409,0,0,0,0,0,-1,-1.64E-06,0,0.6508,0.3338,0.001646,0.003166,0.005358,-1,0.01536,-7.876,-7.646,-7.658,-7.637
0.0152,0.01508,7,18.3541793823,2.6302733421,17.754,5.056,4.0144,1.641,1,0,0.409,0,0,0,0,0,-1,-1.68E-06,0,0.6508,0.3338,0.001646,0.003166,0.005358,-1,0.01536,-7.871,-7.592,-7.607,-7.577
0.0152,0.01508,7,18.3551177979,2.6302735806,17.753,5.054,4.0245,1.683,1,0,0.409,0,0,0,0,0,-1,-1.7E-06,0,0.6508,0.3338,0.001646,0.003166,0.005358,-1,0.01536,-7.866,-7.539,-7.558,-7.518
0.0152,0.01508,7,18.3561687469,2.630273819,17.751,5.052,4.033,1.719,1,0,0.409,0,0,0,0,0,-1,-1.72E-06,0,0.6508,0.3339,0.001646,0.003166,0.005358,-1,0.01536,-7.861,-7.492,-7.514,-7.467
0.0152,0.01508,7,18.3573436737,2.6302742958,17.75,5.051,4.0396,1.747,1,0,0.409,0,0,0,0,0,-1,-1.75E-06,0,0.6508,0.3339,0.001646,0.003166,0.005358,-1,0.01536,-7.857,-7.456,-7.48,-7.427
0.0152,0.01508,7,18.3586578369,2.6302745342,17.748,5.049,4.0452,1.771,1,0,0.409,0,0,0,0,0,-1,-1.76E-06,0,0.6508,0.3339,0.001646,0.003166,0.005358,-1,0.01536,-7.853,-7.423,-7.45,-7.391
0.0152,0.01508,7,18.360124588,2.6302750111,17.749,5.048,4.0496,1.79,1,0,0.41,0,0,0,0,0,-1,-7.26E-07,0,0.6508,0.3339,0.001646,0.003165,0.005358,-1,0.01536,-7.849,-7.397,-7.425,-7.363
0.0152,0.01508,7,18.3617668152,2.6302752495,17.749,5.046,4.0531,1.805,1,0,0.41,0,0,0,0,0,-1,-7.27E-07,0,0.6508,0.3339,0.001646,0.003165,0.005358,-1,0.01536,-7.846,-7.376,-7.405,-7.34
0.0152,0.01508,7,18.3656520844,2.6302764416,17.751,5.044,4.0573,1.824,1,0,0.41,0,0,0,0,0,-1,-7.36E-07,0,0.6508,0.3339,0.001646,0.003165,0.005358,-1,0.01536,-7.841,-7.35,-7.38,-7.31
0.0152,0.01508,7,18.457195282,2.630300045,17.785,5.043,4.0309,1.721,1,0,0.41,0,0,0,0,0,-1,-7.7E-07,0,0.6507,0.334,0.001649,0.003161,0.005359,-1,0.01536,-7.838,-7.479,-7.501,-7.456
0.0152,0.01508,7,18.6711673737,2.630354166,17.85,5.045,3.9578,1.428,1,0,0.412,0,0,0,0,0,-1,-8.61E-07,0,0.6504,0.3342,0.001655,0.003152,0.005361,-1,0.01536,-7.843,-7.798,-7.787,-7.834
0.0152,0.01508,7,18.680147171,2.6303563118,17.853,5.045,3.9548,1.416,1,0,0.412,0,0,0,0,0,-1,-8.65E-07,0,0.6504,0.3342,0.001655,0.003151,0.005361,-1,0.01536,-7.843,-7.808,-7.795,-7.849
0.0152,0.01508,7,18.7611141205,2.630376339,17.869,5.047,3.9247,1.294,2,0,0.412,0,0,0,0,0,-1,-9.08E-07,0,0.6503,0.3343,0.001658,0.003148,0.005361,-1,0.01535,-7.848,-7.92,-7.891,-7.989
0.0152,0.01508,7,18.8130340576,2.6303892136,17.877,5.048,3.904,1.21,2,0,0.413,0,0,0,0,0,-1,-9.24E-07,0,0.6503,0.3344,0.001659,0.003145,0.005362,-1,0.01535,-7.851,-7.977,-7.932,-8.075
0.0152,0.01508,7,18.8549423218,2.6303994656,17.883,5.05,3.8866,1.139,2,0,0.413,0,0,0,0,0,-1,-9.4E-07,0,0.6502,0.3344,0.00166,0.003143,0.005362,-1,0.01535,-7.854,-8.017,-7.959,-8.138
0.0152,0.01508,7,18.8782672882,2.6304051876,17.872,5.05,3.8758,1.096,2,0,0.413,0,0,0,0,0,-1,-1.73E-06,0,0.6502,0.3344,0.001661,0.003142,0.005362,-1,0.01535,-7.854,-8.031,-7.961,-8.173
0.0152,0.01508,7,18.8924484253,2.6304085255,17.858,5.05,3.868,1.064,2,0,0.413,0,0,0,0,0,-1,-1.71E-06,0,0.6502,0.3344,0.001661,0.003142,0.005362,-1,0.01535,-7.854,-8.04,-7.959,-8.199
0.0152,0.01508,7,18.9054946899,2.6304116249,17.845,5.049,3.8606,1.034,2,0,0.413,0,0,0,0,0,-1,-1.7E-06,0,0.6502,0.3345,0.001662,0.003141,0.005363,-1,0.01535,-7.854,-8.046,-7.955,-8.223
0.0152,0.01508,7,18.9155330658,2.6304140091,17.836,5.05,3.8549,1.011,2,0,0.413,0,0,0,0,0,-1,-1.7E-06,0,0.6502,0.3345,0.001662,0.003141,0.005363,-1,0.01535,-7.854,-8.049,-7.948,-8.242
0.0152,0.01508,7,18.9183731079,2.6304147243,17.834,5.05,3.8532,1.004,2,0,0.413,0,0,0,0,0,-1,-1.69E-06,0,0.6502,0.3345,0.001662,0.003141,0.005363,-1,0.01535,-7.854,-8.05,-7.946,-8.247
0.0152,0.01508,7,18.9330368042,2.6304183006,17.821,5.05,3.8446,0.969,2,0,0.413,0,0,0,0,0,-1,-1.67E-06,0,0.6502,0.3345,0.001663,0.00314,0.005363,-1,0.01535,-7.855,-8.053,-7.934,-8.276
0.0152,0.01508,7,18.9446792603,2.6304211617,17.811,5.05,3.8377,0.941,3,0,0.413,0,0,0,0,0,-1,-1.66E-06,0,0.6501,0.3345,0.001663,0.003139,0.005363,-1,0.01535,-7.856,-8.056,-7.924,-8.298
0.0152,0.01508,7,18.953830719,2.6304233074,17.804,5.051,3.8322,0.919,3,0,0.413,0,0,0,0,0,-1,-1.65E-06,0,0.6501,0.3345,0.001663,0.003139,0.005363,-1,0.01535,-7.856,-8.057,-7.914,-8.316
0.0152,0.01508,7,18.9650707245,2.6304261684,17.796,5.051,3.8253,0.891,3,0,0.414,0,0,0,0,0,-1,-1.64E-06,0,0.6501,0.3345,0.001664,0.003139,0.005363,-1,0.01535,-7.857,-8.058,-7.9,-8.338
0.0152,0.01508,7,18.9739055634,2.6304283142,17.79,5.051,3.8197,0.868,2,0,0.414,0,0,0,0,0,-1,-1.63E-06,0,0.6501,0.3345,0.001664,0.003138,0.005363,-1,0.01535,-7.858,-8.058,-7.888,-8.356
0.0152,0.01508,7,18.9825954437,2.6304302216,17.784,5.051,3.814,0.845,3,0,0.414,0,0,0,0,0,-1,-1.62E-06,0,0.6501,0.3345,0.001664,0.003138,0.005363,-1,0.01535,-7.858,-8.057,-7.874,-8.373
0.0152,0.01508,7,18.9911403656,2.6304323673,17.779,5.052,3.8083,0.821,3,0,0.414,0,0,0,0,0,-1,-1.62E-06,0,0.6501,0.3346,0.001664,0.003137,0.005363,-1,0.01535,-7.859,-8.057,-7.86,-8.393
0.0152,0.01508,7,18.9995384216,2.6304342747,17.774,5.052,3.8025,0.798,3,0,0.414,0,0,0,0,0,-1,-1.6E-06,0,0.6501,0.3346,0.001665,0.003137,0.005363,-1,0.01535,-7.86,-8.056,-7.843,-8.411
0.0152,0.01508,7,19.0057411194,2.6304359436,17.771,5.052,3.7982,0.78,3,0,0.414,0,0,0,0,0,-1,-1.6E-06,0,0.6501,0.3346,0.001665,0.003137,0.005363,-1,0.01535,-7.86,-8.054,-7.83,-8.424
0.0152,0.01508,7,19.0118598938,2.6304373741,17.768,5.052,3.7937,0.762,3,0,0.414,0,0,0,0,0,-1,-1.59E-06,0,0.6501,0.3346,0.001665,0.003136,0.005363,-1,0.01535,-7.86,-8.052,-7.816,-8.437
0.0152,0.01508,7,19.0178928375,2.6304388046,17.764,5.052,3.7892,0.744,3,0,0.414,0,0,0,0,0,-1,-1.59E-06,0,0.6501,0.3346,0.001665,0.003136,0.005363,-1,0.01535,-7.861,-8.05,-7.802,-8.45
0.0152,0.01508,7,19.0238418579,2.6304402351,17.761,5.052,3.7846,0.726,3,0,0.414,0,0,0,0,0,-1,-1.57E-06,0,0.6501,0.3346,0.001665,0.003136,0.005363,-1,0.01535,-7.861,-8.047,-7.786,-8.463
0.0152,0.01508,7,19.0297031403,2.6304416656,17.759,5.053,3.7801,0.707,3,0,0.414,0,0,0,0,0,-1,-1.57E-06,0,0.6501,0.3346,0.001665,0.003136,0.005364,-1,0.01535,-7.862,-8.045,-7.771,-8.476
0.0152,0.01508,7,19.0354747772,2.6304428577,17.754,5.053,3.7753,0.688,3,0,0.414,0,0,0,0,0,-1,-1.84E-06,0,0.6501,0.3346,0.001666,0.003135,0.005364,-1,0.01535,-7.862,-8.039,-7.75,-8.488
0.0152,0.01508,7,19.0411605835,2.6304442883,17.748,5.053,3.7704,0.668,3,0,0.414,0,0,0,0,0,-1,-2.39E-06,0,0.65,0.3346,0.001666,0.003135,0.005364,-1,0.01535,-7.862,-8.033,-7.728,-8.501
0.0152,0.01508,7,19.0467567444,2.6304457188,17.742,5.053,3.7654,0.648,3,0,0.414,0,0,0,0,0,-1,-3.05E-06,0,0.65,0.3346,0.001666,0.003135,0.005364,-1,0.01535,-7.861,-8.027,-7.707,-8.511
0.0152,0.01508,7,19.0488185883,2.6304461956,17.739,5.053,3.7633,0.639,3,0,0.414,0,0,0,0,0,-1,-3.05E-06,0,0.65,0.3346,0.001666,0.003135,0.005364,-1,0.01535,-7.862,-8.025,-7.699,-8.515
0.0152,0.01508,7,19.0597953796,2.6304488182,17.724,5.053,3.751,0.59,3,0,0.414,0,0,0,0,0,-1,-2.98E-06,0,0.65,0.3346,0.001666,0.003134,0.005364,-1,0.01535,-7.863,-8.008,-7.647,-8.536
0.0152,0.01508,7,19.0719280243,2.6304516792,17.708,5.053,3.7342,0.522,3,0,0.414,0,0,0,0,0,-1,-2.89E-06,0,0.65,0.3346,0.001667,0.003134,0.005364,-1,0.01535,-7.863,-7.978,-7.568,-8.554
0.0152,0.01508,7,19.0814495087,2.630453825,17.697,5.052,3.7154,0.447,3,0,0.414,0,0,0,0,0,-1,-2.72E-06,0,0.65,0.3347,0.001667,0.003133,0.005364,-1,0.01535,-7.86,-7.933,-7.469,-8.558
0.0152,0.01508,7,19.0909042358,2.6304562092,17.687,5.044,3.6917,0.36,3,0,0.414,0,0,0,0,0,-1,-2.47E-06,0,0.65,0.3347,0.001667,0.003133,0.005364,-1,0.01535,-7.84,-7.844,-7.313,-8.527
0.0152,0.01508,7,19.0999698639,2.6304583549,17.68,5.033,3.6807,0.328,3,0,0.414,0,0,0,0,0,-1,-2.24E-06,0,0.65,0.3347,0.001667,0.003133,0.005364,-1,0.01535,-7.812,-7.782,-7.222,-8.487
0.0152,0.01508,7,19.1066551208,2.6304597855,17.675,5.041,3.6755,0.298,3,0,0.413,0,0,0,0,0,-1,-2.31E-06,0,0.65,0.3347,0.001663,0.003135,0.005364,-1,0.01535,-7.834,-7.787,-7.211,-8.503
0.0152,0.01508,7,19.1142787933,2.6304616928,17.668,5.043,3.671,0.278,3,0,0.413,0,0,0,0,0,-1,-2.31E-06,0,0.65,0.3347,0.001662,0.003135,0.005364,-1,0.01535,-7.838,-7.776,-7.186,-8.503
0.0152,0.01508,7,19.1219120026,2.6304636002,17.663,5.045,3.6662,0.257,3,0,0.413,0,0,0,0,0,-1,-2.31E-06,0,0.65,0.3347,0.001662,0.003135,0.005364,-1,0.01535,-7.842,-7.762,-7.157,-8.501
0.0152,0.01508,7,19.1292304993,2.6304652691,17.658,5.046,3.6614,0.236,3,0,0.413,0,0,0,0,0,-1,-2.3E-06,0,0.65,0.3347,0.001662,0.003135,0.005364,-1,0.01535,-7.846,-7.747,-7.127,-8.497
0.0152,0.01508,7,19.1361503601,2.630466938,17.653,5.048,3.6564,0.215,3,0,0.413,0,0,0,0,0,-1,-2.29E-06,0,0.6499,0.3347,0.001661,0.003135,0.005364,-1,0.01535,-7.849,-7.729,-7.092,-8.491
0.0152,0.01508,7,19.1426696777,2.6304683685,17.649,5.049,3.6513,0.193,3,0,0.413,0,0,0,0,0,-1,-2.28E-06,0,0.6499,0.3347,0.001661,0.003135,0.005364,-1,0.01535,-7.853,-7.708,-7.054,-8.481
0.0152,0.01508,7,19.1487903595,2.630469799,17.646,5.05,3.6462,0.171,3,0,0.413,0,0,0,0,0,-1,-2.27E-06,0,0.6499,0.3347,0.001661,0.003135,0.005364,-1,0.01535,-7.856,-7.684,-7.014,-8.47
0.0152,0.01508,7,19.1545333862,2.6304712296,17.642,5.051,3.6409,0.149,3,0,0.413,0,0,0,0,0,-1,-2.26E-06,0,0.6499,0.3347,0.001661,0.003135,0.005364,-1,0.01535,-7.858,-7.66,-6.971,-8.459
0.0152,0.01508,7,19.1599178314,2.6304724216,17.64,5.052,3.6355,0.126,3,0,0.413,0,0,0,0,0,-1,-2.24E-06,0,0.6499,0.3347,0.00166,0.003135,0.005365,-1,0.01535,-7.861,-7.632,-6.924,-8.445
0.0152,0.01508,7,19.1624774933,2.6304731369,17.638,5.053,3.6327,0.115,3,0,0.413,0,0,0,0,0,-1,-2.24E-06,0,0.6499,0.3347,0.00166,0.003135,0.005365,-1,0.01535,-7.862,-7.617,-6.898,-8.437
0.0152,0.01508,7,19.1649551392,2.6304736137,17.637,5.053,3.6298,0.103,3,0,0.413,0,0,0,0,0,-1,-2.23E-06,0,0.6499,0.3347,0.00166,0.003135,0.005365,-1,0.01535,-7.863,-7.602,-6.872,-8.429
0.0152,0.01508,7,19.167350769,2.6304740906,17.636,5.053,3.6267,0.09,3,0,0.413,0,0,0,0,0,-1,-2.21E-06,0,0.6499,0.3347,0.00166,0.003135,0.005365,-1,0.01535,-7.863,-7.584,-6.842,-8.419
0.0152,0.01508,7,19.1696643829,2.6304748058,17.635,5.054,3.6235,0.077,3,0,0.413,0,0,0,0,0,-1,-2.21E-06,0,0.6499,0.3347,0.00166,0.003135,0.005365,-1,0.01535,-7.864,-7.566,-6.81,-8.409
0.0152,0.01508,7,19.1719017029,2.6304752827,17.634,5.054,3.6202,0.063,3,0,0.413,0,0,0,0,0,-1,-2.19E-06,0,0.6499,0.3347,0.00166,0.003135,0.005365,-1,0.01535,-7.865,-7.546,-6.777,-8.397
0.0152,0.01508,7,19.1740646362,2.6304757595,17.633,5.054,3.6166,0.049,3,0,0.413,0,0,0,0,0,-1,-2.17E-06,0,0.6499,0.3348,0.00166,0.003135,0.005365,-1,0.01535,-7.865,-7.523,-6.738,-8.384
0.0152,0.01508,7,19.1761512756,2.6304762363,17.633,5.054,3.6128,0.034,3,0,0.413,0,0,0,0,0,-1,-2.15E-06,0,0.6499,0.3348,0.00166,0.003134,0.005365,-1,0.01535,-7.865,-7.498,-6.696,-8.37
0.0152,0.01508,7,19.1781673431,2.6304767132,17.632,5.054,3.6086,0.017,3,0,0.413,0,0,0,0,0,-1,-2.13E-06,0,0.6499,0.3348,0.00166,0.003134,0.005365,-1,0.01535,-7.865,-7.469,-6.649,-8.353
0.0152,0.01508,7,19.1801166534,2.63047719,17.631,5.054,3.604,-0.001,3,0,0.413,0,0,0,0,0,-1,-2.11E-06,0,0.6499,0.3348,0.00166,0.003134,0.005365,-1,0.01535,-7.864,-7.436,-6.593,-8.334
0.0152,0.01508,7,19.1819934845,2.6304776669,17.631,5.053,3.5988,-0.022,3,0,0.413,0,0,0,0,0,-1,-2.09E-06,0,0.6499,0.3348,0.00166,0.003134,0.005365,-1,0.01535,-7.863,-7.397,-6.529,-8.31
0.0152,0.01508,7,19.1829013824,2.6304779053,17.631,5.053,3.5961,-0.032,3,0,0.413,0,0,0,0,0,-1,-2.06E-06,0,0.6499,0.3348,0.00166,0.003134,0.005365,-1,0.01535,-7.862,-7.376,-6.492,-8.297
0.0152,0.01508,7,19.1839752197,2.6304781437,17.63,5.052,3.5927,-0.045,3,0,0.413,0,0,0,0,0,-1,-2.03E-06,0,0.6499,0.3348,0.00166,0.003134,0.005365,-1,0.01535,-7.861,-7.347,-6.444,-8.279
0.0152,0.01508,7,19.1849632263,2.6304783821,17.63,5.052,3.5892,-0.059,3,0,0.413,0,0,0,0,0,-1,-2.01E-06,0,0.6499,0.3348,0.00166,0.003134,0.005365,-1,0.01535,-7.859,-7.317,-6.393,-8.261
0.0152,0.01508,7,19.1858291626,2.6304786205,17.63,5.051,3.586,-0.071,3,0,0.413,0,0,0,0,0,-1,-1.98E-06,0,0.6499,0.3348,0.00166,0.003134,0.005365,-1,0.01535,-7.857,-7.286,-6.338,-8.242
0.0152,0.01508,7,19.1864147186,2.6304786205,17.63,5.05,3.5836,-0.08,3,0,0.413,0,0,0,0,0,-1,-1.96E-06,0,0.6499,0.3348,0.00166,0.003134,0.005365,-1,0.01534,-7.856,-7.263,-6.297,-8.228
0.0152,0.01508,7,19.1871490479,2.6304788589,17.629,5.05,3.5805,-0.091,3,0,0.413,0,0,0,0,0,-1,-1.94E-06,0,0.6499,0.3348,0.00166,0.003134,0.005365,-1,0.01534,-7.854,-7.232,-6.242,-8.21
0.0152,0.01508,7,19.1880645752,2.6304790974,17.629,5.048,3.5766,-0.106,3,0,0.413,0,0,0,0,0,-1,-1.91E-06,0,0.6499,0.3348,0.00166,0.003134,0.005365,-1,0.01534,-7.85,-7.186,-6.159,-8.182
0.0152,0.01508,7,19.1889057159,2.6304793358,17.629,5.046,3.5732,-0.117,3,0,0.413,0,0,0,0,0,-1,-1.87E-06,0,0.6499,0.3348,0.00166,0.003134,0.005365,-1,0.01534,-7.845,-7.144,-6.086,-8.155
0.0152,0.01508,7,19.1896247864,2.6304793358,17.629,5.044,3.5707,-0.125,3,0,0.413,0,0,0,0,0,-1,-1.85E-06,0,0.6499,0.3348,0.00166,0.003134,0.005365,-1,0.01534,-7.84,-7.112,-6.03,-8.135
0.0152,0.01508,7,19.1905479431,2.6304795742,17.629,5.041,3.5682,-0.132,3,0,0.413,0,0,0,0,0,-1,-1.8E-06,0,0.6499,0.3348,0.00166,0.003134,0.005365,-1,0.01534,-7.832,-7.073,-5.96,-8.108
0.0152,0.01508,7,19.1919555664,2.630480051,17.629,5.036,3.5659,-0.136,3,0,0.413,0,0,0,0,0,-1,-1.75E-06,0,0.6499,0.3348,0.00166,0.003134,0.005365,-1,0.01534,-7.82,-7.031,-5.888,-8.078
0.0152,0.01508,7,19.1935081482,2.6304802895,17.628,5.029,3.5645,-0.135,3,0,0.413,0,0,0,0,0,-1,-1.71E-06,0,0.6499,0.3348,0.00166,0.003134,0.005365,-1,0.01534,-7.803,-6.995,-5.833,-8.05
0.0152,0.01508,7,19.1954421997,2.6304807663,17.628,5.021,3.5625,-0.135,3,0,0.413,0,0,0,0,0,-1,-1.62E-06,0,0.6499,0.3348,0.00166,0.003134,0.005365,-1,0.01534,-7.783,-6.949,-5.762,-8.014
0.0152,0.01508,7,19.1968650818,2.6304810047,17.628,5.026,3.5605,-0.148,3,0,0.413,0,0,0,0,0,-1,-1.6E-06,0,0.6499,0.3348,0.00166,0.003134,0.005365,-1,0.01534,-7.795,-6.934,-5.72,-8.01
0.0152,0.01508,7,19.1983032227,2.6304814816,17.628,5.037,3.5588,-0.165,3,0,0.411,0,0,0,0,0,-1,-1.67E-06,0,0.6499,0.3348,0.001653,0.003139,0.005365,-1,0.01534,-7.821,-6.934,-5.69,-8.021
0.0152,0.01508,7,19.2009906769,2.6304819584,17.628,5.046,3.5574,-0.181,3,0,0.407,0,0,0,0,0,-1,-1.78E-06,0,0.6499,0.3348,0.00164,0.003151,0.005365,-1,0.01534,-7.846,-6.936,-5.666,-8.033
0.0152,0.01508,7,19.209815979,2.6304841042,17.627,5.053,3.5564,-0.191,3,0,0.406,0,0,0,0,0,-1,-1.85E-06,0,0.6499,0.3348,0.001635,0.003155,0.005365,-1,0.01534,-7.863,-6.938,-5.649,-8.041
0.0152,0.01508,7,19.2332458496,2.6304895878,17.62,5.096,3.5506,-0.258,3,0,0.403,0,0,0,0,0,-1,-2.26E-06,0,0.6493,0.3354,0.00162,0.003182,0.005353,-1,0.01531,-7.97,-6.952,-5.552,-8.094
0.0152,0.01508,7,19.2368278503,2.6304905415,17.619,5.111,3.5485,-0.281,3,0,0.401,0,0,0,0,0,-1,-2.43E-06,0,0.6491,0.3356,0.001609,0.003198,0.005349,-1,0.01529,-8.008,-6.953,-5.507,-8.109
0.0152,0.01508,7,19.2422008514,2.6304917336,17.615,5.15,3.5438,-0.339,3,0,0.395,0,0,0,0,0,-1,-2.92E-06,0,0.6467,0.338,0.001569,0.003292,0.005298,-1,0.01528,-8.104,-6.96,-5.395,-8.149
0.0152,0.01508,7,19.246837616,2.6304926872,17.61,5.179,3.5402,-0.383,3,0,0.393,0,0,0,0,0,-1,-3.35E-06,0,0.646,0.3387,0.001556,0.003326,0.005279,-1,0.0153,-8.178,-6.966,-5.312,-8.18
0.0152,0.01508,7,19.2498455048,2.6304934025,17.607,5.2,3.5376,-0.414,3,0,0.392,0,0,0,0,0,-1,-3.7E-06,0,0.6455,0.3392,0.001547,0.003348,0.005265,-1,0.01528,-8.23,-6.963,-5.235,-8.195
0.0152,0.01508,7,19.2535800934,2.6304943562,17.602,5.24,3.5329,-0.473,3,0,0.391,0,0,0,0,0,-1,-4.5E-06,0,0.6446,0.3401,0.001536,0.003384,0.00524,-1,0.01528,-8.33,-6.958,-5.085,-8.224
0.0152,0.01508,7,19.2577323914,2.6304953098,17.602,5.275,3.5287,-0.525,3,0,0.391,0,0,0,0,0,-1,-5.37E-06,0,0.6435,0.3412,0.001528,0.003416,0.005215,-1,0.01529,-8.418,-6.947,-4.945,-8.242
#isochrone,terminated,,,,,,,,,,,,,,,,,,,,,,,,,,,,,
