Pos,num
1,234
2,235
3,236
4,237
5,238
6,239
7,240
8,241
9,242
10,243
11,244
12,245
13,246
14,247
15,248
16,249
17,250
18,251
19,252
20,253
21,254
22,255
23,256
24,257
25,258
26,259
27,260
28,261
29,262
30,263
31,264
32,265
33,266
34,267
35,268
36,269
37,270
38,271
39,272
40,273
41,274
42,275
43,276
44,277
45,278
46,279
47,280
48,281
49,282
50,283
51,284
52,285
53,286
54,287
55,288
56,289
57,290
58,291
59,292
60,293
61,294
62,295
63,296
64,297
65,298
66,299
67,300
68,301
69,302
70,303
71,304
72,305
73,306
74,307
75,308
76,309
77,310
78,311
79,312
80,313
81,314
82,315
83,316
84,317
85,318
86,319
87,320
88,321
89,322
90,323
91,324
92,325
93,326
94,327
95,328
96,329
97,330
98,331
99,332
100,333
101,334
102,335
103,336
104,337
105,338
106,339
107,340
108,341
109,342
110,343
111,344
112,345
113,346
114,347
115,348
116,349
117,350
118,351
119,352
120,353
121,354
122,355
123,356
124,357
125,358
126,359
127,360
128,361
129,362
130,363
131,364
132,365
133,366
134,367
135,368
136,369
137,370
138,371
139,372
140,373
141,374
142,375
143,376
144,377
145,378
146,379
147,380
148,381
149,382
150,383
151,384
152,385
153,386
154,387
155,388
156,389
157,390
158,391
159,392
160,393
161,394
162,395
163,396
164,397
165,398
166,399
167,400
168,401
169,402
170,403
171,404
172,405
173,406
174,407
175,408
176,409
177,410
178,411
179,412
180,413
181,414
182,415
183,416
184,417
185,418
186,419
187,420
188,421
189,422
190,423
191,424
192,425
193,426
194,427
195,428
196,429
197,430
198,431
199,432
200,433
201,434
202,435
203,436
204,437
205,438
206,439
207,440
208,441
209,442
210,443
211,444
212,445
213,446
214,447
215,448
216,449
217,450
218,451
219,452
220,453
221,454
222,455
223,456
224,457
225,458
226,459
227,460
228,461
229,462
230,463
231,464
232,465
233,466
234,467
235,468
236,469
237,470
238,471
239,472
240,473
241,474
242,475
243,476
244,477
245,478
246,479
247,480
248,481
249,482
250,483
251,484
252,485
253,486
254,487
255,488
256,489
257,490
258,491
259,492
260,493
261,494
262,495
263,496
264,497
265,498
266,499
267,500
268,501
269,502
270,503
271,504
272,505
273,506
274,507
275,508
276,509
277,510
278,511
279,512
280,513
281,514
282,515
283,516
284,517
285,518
286,519
287,520
288,521
289,522
290,523
291,524
292,525
293,526
294,527
295,528
296,529
297,530
298,531
299,532
300,533
301,534
302,535
303,536
304,537
305,538
306,539
307,540
308,541
309,542
310,543
311,544
312,545
313,546
314,547
315,548
316,549
317,550
318,551
319,552
320,553
321,554
322,555
323,556
324,557
325,558
326,559
327,560
328,561
329,562
330,563
331,564
332,565
333,566
334,567
335,568
336,569
337,570
338,571
339,572
340,573
341,574
342,575
343,576
344,577
345,578
346,579
347,580
348,581
349,582
350,583
351,584
352,585
353,586
354,587
355,588
356,589
357,590
358,591
359,592
360,593
361,594
362,595
363,596
364,597
365,598
366,599
367,600
368,601
369,602
370,603
371,604
372,605
373,606
374,607
375,608
376,609
377,610
378,611
379,612
380,613
381,614
382,615
383,616
384,617
385,618
386,619
387,620
388,621
389,622
390,623
391,624
392,625
393,626
394,627
395,628
396,629
397,630
398,631
399,632
400,633
401,634
402,635
403,636
404,637
405,638
406,639
407,640
408,641
409,642
410,643
411,644
412,645
413,646
414,647
415,648
416,649
417,650
418,651
419,652
420,653
421,654
422,655
423,656
424,657
425,658
426,659
427,660
428,661
429,662
430,663
431,664
432,665
433,666
434,667
435,668
436,669
437,670
438,671
439,672
440,673
441,674
442,675
443,676
444,677
445,678
446,679
447,680
448,681
449,682
450,683
451,684
452,685
453,686
454,687
455,688
456,689
457,690
458,691
459,692
460,693
461,694
462,695
463,696
464,697
465,698
466,699
467,700
468,701
469,702
470,703
471,704
472,705
473,706
474,707
475,708
476,709
477,710
478,711
479,712
480,713
481,714
482,715
483,716
484,717
485,718
486,719
487,720
488,721
489,722
490,723
491,724
492,725
493,726
494,727
495,728
496,729
497,730
498,731
499,732
500,733
501,734
502,735
503,736
504,737
505,738
506,739
507,740
508,741
509,742
510,743
511,744
512,745
513,746
514,747
515,748
516,749
517,750
518,751
519,752
520,753
521,754
522,755
523,756
524,757
525,758
526,759
527,760
528,761
529,762
530,763
531,764
532,765
533,766
534,767
535,768
536,769
537,770
538,771
539,772
540,773
541,774
542,775
543,776
544,777
545,778
546,779
547,780
548,781
549,782
550,783
551,784
552,785
553,786
554,787
555,788
556,789
557,790
558,791
559,792
560,793
561,794
562,795
563,796
564,797
565,798
566,799
567,800
568,801
569,802
570,803
571,804
572,805
573,806
574,807
575,808
576,809
577,810
578,811
579,812
580,813
581,814
582,815
583,816
584,817
585,818
586,819
587,820
588,821
589,822
590,823
591,824
592,825
593,826
594,827
595,828
596,829
597,830
598,831
599,832
600,833
601,834
602,835
603,836
604,837
605,838
606,839
607,840
608,841
609,842
610,843
611,844
612,845
613,846
614,847
615,848
616,849
617,850
618,851
619,852
620,853
621,854
622,855
623,856
624,857
625,858
626,859
627,860
628,861
629,862
630,863
631,864
632,865
633,866
634,867
635,868
636,869
637,870
638,871
639,872
640,873
641,874
642,875
643,876
644,877
645,878
646,879
647,880
648,881
649,882
650,883
651,884
652,885
653,886
654,887
655,888
656,889
657,890
658,891
659,892
660,893
661,894
662,895
663,896
664,897
665,898
666,899
667,900
668,901
669,902
670,903
671,904
672,905
673,906
674,907
675,908
676,909
677,910
678,911
679,912
680,913
681,914
682,915
683,916
684,917
685,918
686,919
687,920
688,921
689,922
690,923
691,924
692,925
693,926
694,927
695,928
696,929
697,930
698,931
699,932
700,933
701,934
702,935
703,936
704,937
705,938
706,939
707,940
708,941
709,942
710,943
711,944
712,945
713,946
714,947
715,948
716,949
717,950
718,951
719,952
720,953
721,954
722,955
723,956
724,957
725,958
726,959
727,960
728,961
729,962
730,963
731,964
732,965
733,966
734,967
735,968
736,969
737,970
738,971
739,972
740,973
741,974
742,975
743,976
744,977
745,978
746,979
747,980
748,981
749,982
750,983
751,984
752,985
753,986
754,987
755,988
756,989
757,990
758,991
759,992
760,993
761,994
762,995
763,996
764,997
765,998
766,999
767,1000
768,1001
769,1002
770,1003
771,1004
772,1005
773,1006
774,1007
775,1008
776,1009
777,1010
778,1011
779,1012
780,1013
781,1014
782,1015
783,1016
784,1017
785,1018
786,1019
787,1020
788,1021
789,1022
790,1023
791,1024
792,1025
793,1026
794,1027
795,1028
796,1029
797,1030
798,1031
799,1032
800,1033
801,1034
802,1035
803,1036
804,1037
805,1038
806,1039
807,1040
808,1041
809,1042
810,1043
811,1044
812,1045
813,1046
814,1047
815,1048
816,1049
817,1050
818,1051
819,1052
820,1053
821,1054
822,1055
823,1056
824,1057
825,1058
826,1059
827,1060
828,1061
829,1062
830,1063
831,1064
832,1065
833,1066
834,1067
835,1068
836,1069
837,1070
838,1071
839,1072
840,1073
841,1074
842,1075
843,1076
844,1077
845,1078
846,1079
847,1080
848,1081
849,1082
850,1083
851,1084
852,1085
853,1086
854,1087
855,1088
856,1089
857,1090
858,1091
859,1092
860,1093
861,1094
862,1095
863,1096
864,1097
865,1098
866,1099
867,1100
868,1101
869,1102
870,1103
871,1104
872,1105
873,1106
874,1107
875,1108
876,1109
877,1110
878,1111
879,1112
880,1113
881,1114
882,1115
883,1116
884,1117
885,1118
886,1119
887,1120
888,1121
889,1122
890,1123
891,1124
892,1125
893,1126
894,1127
895,1128
896,1129
897,1130
898,1131
899,1132
900,1133
901,1134
902,1135
903,1136
904,1137
905,1138
906,1139
907,1140
908,1141
909,1142
910,1143
911,1144
912,1145
913,1146
914,1147
915,1148
916,1149
917,1150
918,1151
919,1152
920,1153
921,1154
922,1155
923,1156
924,1157
925,1158
926,1159
927,1160
928,1161
929,1162
930,1163
931,1164
932,1165
933,1166
934,1167
935,1168
936,1169
937,1170
938,1171
939,1172
940,1173
941,1174
942,1175
943,1176
944,1177
945,1178
946,1179
947,1180
948,1181
949,1182
950,1183
951,1184
952,1185
953,1186
954,1187
955,1188
956,1189
957,1190
958,1191
959,1192
960,1193
961,1194
962,1195
963,1196
964,1197
965,1198
966,1199
967,1200
968,1201
969,1202
970,1203
971,1204
972,1205
973,1206
974,1207
975,1208
976,1209
977,1210
978,1211
979,1212
980,1213
981,1214
982,1215
983,1216
984,1217
985,1218
986,1219
987,1220
988,1221
989,1222
990,1223
991,1224
992,1225
993,1226
994,1227
995,1228
996,1229
997,1230
998,1231
999,1232
1000,1234
